:020000040800F2
:10000000D8ED0120E5020008230500081B050008C3
:100010001F05000803050008E905000800000000AE
:1000200000000000000000000000000025020008A1
:1000300007050008000000008102000825050008EF
:10004000FF020008FF020008FF020008FF0200088C
:10005000FF020008FF020008FF020008FF0200087C
:10006000FF020008FF020008FF020008FF0200086C
:10007000FF020008FF020008FF020008FF0200085C
:10008000FF020008FF020008FF020008FF0200084C
:10009000FF020008FF020008FF020008FF0200083C
:1000A000FF020008FF020008FF020008FF0200082C
:1000B000FF020008FF020008FF020008FF0200081C
:1000C000FF020008FF020008FF020008FF0200080C
:1000D000FF020008FF020008FF020008FF020008FC
:1000E000FF020008FF020008FF020008FF020008EC
:1000F000FF020008FF020008FF020008FF020008DC
:10010000FF020008FF020008FF020008FF020008CB
:10011000FF020008FF020008FF020008FF020008BB
:10012000FF020008FF020008FF020008FF020008AB
:10013000FF02000809050008FF020008FF0200088E
:10014000FF020008FF020008FF020008FF0200088B
:10015000FF020008FF02000800000000FF02000884
:10016000FF020008FF02000800000000000000007D
:10017000FF020008FF020008FF0200080000000064
:1001800000000000FF020008FF020008FF02000854
:10019000FF02000800000000000000000000000056
:1001A000000000000000000000000000FF02000846
:1001B000FF02000800000000FF020008000000002D
:1001C000000000000000000000000000000000002F
:1001D0000000000000000000FF020008FF0200080D
:1001E000FF020008FF020008FF020008FF020008EB
:1001F000FF020008FF020008FF020008FF020008DB
:10020000FF020008FF020008FF020008DFF810D01C
:1002100000F03AF900480047A1790008AFF30080E8
:10022000D8ED01202C4B19680868B0E8F04F80F336
:100230000988BFF36F8F4FF0000080F3118870477B
:100240000000000008480068006880F308884FF04C
:10025000000080F3148862B661B6BFF34F8FBFF31E
:100260006F8F00DF00BF00BF08ED00E0DFF80C007B
:10027000016841F470010160704700BF88ED00E043
:10028000EFF30980BFF36F8F134B1A681EF0100F46
:1002900008BF20ED108A20E9F04F106009B44FF03C
:1002A000100080F31188BFF34F8FBFF36F8F0FF0F3
:1002B00085FB4FF0000080F3118809BC19680868BD
:1002C000B0E8F04F1EF0100F08BFB0EC108A80F3BA
:1002D0000988BFF36F8F704718000020EFF3058087
:1002E000704700000648804706480047FEE7FEE7E3
:1002F000FEE7FEE7FEE7FEE7FEE7FEE7FEE7FEE7D6
:10030000590500080D0200082DE9F05F05460020A0
:1003100092469B4688460646814640241BE0284676
:1003200041464746224600F09EF853465A46C01AB8
:10033000914110D311461846224600F085F82D1A37
:1003400067EB01084F4622460120002100F07CF8AF
:1003500017EB00094E41201EA4F10104DFDC4846E2
:1003600031462A464346BDE8F09F00000649074A49
:100370000868504343F2390210440860400870474F
:100380000149086070470000FC0100206D4EC64125
:1003900040EA01039B0703D009E008C9121F08C007
:1003A000042AFAD203E011F8013B00F8013B521E87
:1003B000F9D27047D2B201E000F8012B491EFBD2FE
:1003C00070470022F6E710B513460A460446194660
:1003D000FFF7F0FF204610BD421C10F8011B00295A
:1003E000FBD1801A704710B5002200E0521C835CDC
:1003F0008C5CA34201D1002BF8D1D8B2E1B2401AF3
:1004000010BD30B504460020034600E05B1C93425B
:1004100003D2E05CCD5C401BF8D030BD30B50B465C
:10042000014600202022012409E021FA02F59D4224
:1004300005D303FA02F5491B04FA02F52844151EF8
:10044000A2F10102F1DC30BD202A04DB203A00FADF
:1004500002F1002070479140C2F1200320FA03F31B
:10046000194390407047202A04DB203A21FA02F019
:100470000021704721FA02F3D040C2F120029140DE
:100480000843194670470000064C074D06E0E06837
:1004900040F0010394E8070098471034AC42F6D3CB
:1004A000FFF7B8FE300D0108500D010870B58C182B
:1004B00010F8015B15F0070301D110F8013B2A1178
:1004C00006D110F8012B03E010F8016B01F8016B65
:1004D0005B1EF9D12B0705D40023521E0DD401F861
:1004E000013BFAE710F8013BCB1A921C03E013F82A
:1004F000015B01F8015B521EF9D5A142D8D300205F
:1005000070BD00BFFEE7704710B5402003F03EF914
:100510004FF4803003F03AF910BD00BFFEE700BF92
:10052000FEE7704710B500BF102080F31188BFF3BD
:100530004F8FBFF36F8F00BF10F018F818B14FF056
:1005400080500449086000BF002080F3118800BF7C
:1005500010BD000004ED00E01F48006840F470008A
:100560001D4908601D48006820F00100401C1B491F
:10057000086000BF19480068C0F340000028F9D0A7
:1005800016480830006820F003001449083108605C
:1005900000BF124808300068C0F381000028F8D17D
:1005A0000E4800680E4908400C49086000200B49BD
:1005B000083108600B48091F086000200749A03176
:1005C00008604FF41F0005490C3108604FF00060CF
:1005D000014980390860704788ED00E0003802402A
:1005E000FFFFF2FE0230030000BFFEE70FB4054B31
:1005F00010B503A9044A029800F018F810BC5DF881
:1006000014FB0000515400080002002002E008C85A
:10061000121F08C1002AFAD170477047002001E07C
:1006200001C1121F002AFBD1704700002DE9FF4FC6
:100630008BB09A460F460546002606E025280BD0CB
:1006400052460D9990476D1C761C28780028F5D1EC
:100650000FB03046BDE8F08F0024A046012260496B
:1006600000E0044315F8013F203B02FA03F0084282
:10067000F7D128782E2817D115F8010F44F004047B
:100680002A280ED06FF02F022878A0F13001092916
:100690000AD808EB880102EB410100EB01086D1C50
:1006A000F2E757F8048B6D1C287869283ED006DCE9
:1006B0000028CDD063280BD0642804D136E07328FD
:1006C00010D075284BD052460D999047761C85E086
:1006D00017F8040B8DF8000000208DF80100E946A2
:1006E000012003E057F8049B4FF0FF3061074FF003
:1006F000000401D40AE0641C44450DDA8442FADBAC
:1007000019F804100029F6D106E0641C8442FCDBD1
:1007100019F804100029F8D1264404E019F8010B57
:1007200052460D999047641EF8D257E001CF4FF022
:100730000A0B002802DA40422D2102E0210504D5EF
:100740002B218DF82410012103E0E10705D02021A1
:10075000F7E70DF1200908910CE00021F9E701CF3E
:100760004FF00A0BF9E75946FFF758FE01F1300246
:1007700009F8012D0028F6D1ADEB090000F1200B9E
:10078000600701D44FF00108D84502DDA8EB0B004B
:1007900000E000208046002406E009A85246005DE3
:1007A0000D999047641C761C08988442F5DB04E0A0
:1007B000302052460D999047761CB8F10001A8F1FF
:1007C0000108F5DC05E019F8010B52460D99904738
:1007D000761CBBF10001ABF1010BF4DC6D1C34E7BE
:1007E0000928010010B5044600BF00BF04F0CAFB91
:1007F0000022034941F288300AF040F810BD0000A1
:10080000E50700080349096860F30711014A116010
:1008100070470000083802400349096860F38C21E2
:10082000014A116070470000083802400349096816
:1008300060F34F31014A11607047000008380240F0
:10084000012807D10749096821F030013031054AF4
:10085000116005E00349096821F03001014A116087
:1008600070470000A438024010B570B90E4B1B68E9
:1008700061F31A630C4C23600B4B98331B6862F3D3
:100880001B63094C983423600DE0074B1B6861F330
:10089000DD63054C2360044B98331B6862F31F73C0
:1008A000014C9834236010BD0838024003490968A0
:1008B00060F35651014A1160704700000838024049
:1008C00005282BD2DFE800F0030A11182100154A91
:1008D000126861F30002134B1A6020E0114A12689B
:1008E00061F310420F4B1A6019E00E4A126861F36F
:1008F00018620C4B1A6012E00A4A7032126861F3F7
:100900000002084B70331A6009E0064A743212681C
:1009100061F30002034B74331A6000E000BF00BFB4
:1009200070470000003802402DE9FE4F04464FF0AA
:100930000009CA46CB4600200290019000250026FF
:1009400000F0A8F90090009820B1012812D00228E8
:100950003FD112E031480068C0F3803038B12F48F1
:100960000068C0F3003010B12D48206001E02D4830
:10097000206031E02B4820602EE028489C38006839
:10098000C0F38050029025489C380068C0F3881955
:1009900022489C38006800F00F0A20489C38006804
:1009A000C0F30240204911F800B0029810B91D4868
:1009B000019001E01B4801900AFB0BFC0198A0FB91
:1009C00009700146624600233846FFF79DFC20600F
:1009D00002E01448206000BF00BF1048983800684B
:1009E000C0F303151148465D2068F04060600B4875
:1009F00098380068C0F382250D48465D6068F04075
:100A0000E060064898380068C0F342350948465D02
:100A10006068F040A060BDE8FE8F0000A038024092
:100A2000006CDC0200127A00FA090108DA090108F8
:100A3000EA090108F209010810B501460020094B36
:100A400003EB1142D2F8002801F01F040123A34058
:100A50001A4001F01F040123A3409A4200D000E095
:100A6000012010BD0030024030B50024002500E018
:100A7000641C1120FFF7E0FF012802D0B4F5405FAD
:100A8000F6D31120FFF7D8FF012801D0002500E0A0
:100A90000125284630BD000008B510490968C1F39A
:100AA000803100910D49096821F4804101F58041B0
:100AB0000A4A1160BFF36F8F1146096860F30C3169
:100AC0001160BFF36F8F9DF800200449096862F33D
:100AD0008E31024A1160BFF36F8F08BDA03802400B
:100AE00010B501290FD1104B03EB1042D2F80028AA
:100AF00000F01F040123A3401A430B4C04EB1043E6
:100B0000C3F800280EE0084B03EB1042D2F800288F
:100B100000F01F040123A3409A43034C04EB10434D
:100B2000C3F8002810BD00000030024010B50129B4
:100B30000FD1104B03EB1042D2F8002800F01F0435
:100B40000123A3401A430B4C04EB1043C3F80028C5
:100B50000EE0084B03EB1042D2F8002800F01F040F
:100B60000123A3409A43034C04EB1043C3F800282D
:100B700010BD000000300240F0B504460D46164698
:100B80001F4614B90120FFF787FF0B48006864F384
:100B90009650094908600846006865F38E100860A1
:100BA0000846006866F3030008600846006867F3BB
:100BB00012400860F0BD000004380240234800687D
:100BC00020F00100401C2149086000BF1F48006858
:100BD000C0F340000028F9D01C480830006820F01D
:100BE00003001A490831086000BF1848083000683F
:100BF000C0F381000028F8D1144800681449084067
:100C00001249086000201149083108601148091F85
:100C100008600E48A030006820F4804000F5804055
:100C20000A49A0310860BFF36F8F0846006820F4BE
:100C300080500860BFF36F8F00200860BFF36F8F94
:100C40004FF41F0001490C31086070470038024022
:100C5000FFFFF2FE023003000D49096860F3010155
:100C60000B4A116000BF00BF00BF00BF00BF00BF44
:100C700000BF00BF00BF00BF00BF00BF00BF00BF7C
:100C800000BF00BF00BF00BF00BF00BF7047000033
:100C90000838024002480068C0F381007047000035
:100CA000083802401CB5044601211848FFF718FF18
:100CB00001211748FFF714FF684604F0E7FB012005
:100CC0008DF8070000208DF8040002208DF8060042
:100CD0002020009000208DF8050069460D4804F0A2
:100CE000DFFB072205210B4804F017FC002301223B
:100CF000214609480EF03AFB012107480EF08CFB13
:100D0000012105480EF024FB1CBD0000110040002D
:100D100003003000000C02400044004070B504465F
:100D20000D4600BF54B911A340F2253215A119A0F8
:100D3000FFF75CFC0020002000BF70BD00BF00BFBB
:100D400000BF606A78B1606A007B08280BD100BFE1
:100D500000BF2868616A496A884204D100BF00BFA9
:100D6000204600F0C1FA00BFE7E700004C574950A9
:100D70005C7372635C636F72655C646863702E633E
:100D8000000000006E6574696620213D204E554CC0
:100D90004C000000417373657274696F6E202225E8
:100DA0007322206661696C6564206174206C696ED1
:100DB0006520256420696E2025730A007CB50646EF
:100DC00000BF56B948A34FF469724DA153A0FFF775
:100DD0000DFC0020002000BF7CBD00BF746A00BF76
:100DE00054B941A340F2A63256A14CA0FFF7FEFB36
:100DF0000020002000BFEFE700BF00BF00BF606B16
:100E0000401C90B100BF00BF606B1E303C21B0FBA6
:100E1000F1F5B5F5803F01D34FF6FF75A583A08BA3
:100E200008B90120A08300BF00BFA06B401C90B197
:100E300000BF00BFA06B1E303C21B0FBF1F5B5F543
:100E4000803F01D34FF6FF75E583E08B08B90120A1
:100E5000E08300BF00BFA08BE18B884204DBE08B06
:100E6000002801DD0020A083A07B10B1A06A0190C2
:100E700010E094F824007F2802DCFF21019108E0B3
:100E8000C02803DB6FF07F41019102E04FF6FF7154
:100E9000019100BFE06A0090684608B1009838B937
:100EA000606A019908400090009840F080700090BE
:100EB00000BF00BF04F12401304607F0FFFC00BF73
:100EC00000BF01A9304607F083FD00BF00BF69469F
:100ED000304607F0EAFC304607F082FD0A21204642
:100EE00001F08EFB00BF77E74C5749505C7372638B
:100EF0005C636F72655C646863702E630000000061
:100F0000646863705F62696E643A206E65746966D6
:100F100020213D204E554C4C00000000417373656C
:100F20007274696F6E2022257322206661696C6578
:100F300064206174206C696E6520256420696E20D0
:100F400025730A00646863705F62696E643A2064A6
:100F500068637020213D204E554C4C002DE9F04136
:100F60000646746A00BF00BF0821204601F048FB16
:100F7000002204F12401304603F08CFD05460DB13A
:100F800000BF00BF607B401C60734FF4FA7707F22C
:100F9000F310394690FBF1F0608300BF00BFBDE85D
:100FA000F081000010B51248046800BF00BF1BE0CC
:100FB000606AC0B1606AC18B481E626AD083012931
:100FC00005D100BF00BF204601F0A6FC0BE0606A1F
:100FD000818B481E626A9083012904D100BF00BF43
:100FE000204601F085FC2468002CE1D110BD0000F2
:100FF000D40000202DE9F04106460C46174600BFFC
:101000006EB969A340F27C626DA175A0FFF7EEFA9C
:101010000020002000BF6FF00D00BDE8F08100BF90
:1010200000BF64B960A340F27D6277A16CA0FFF7B6
:10103000DDFA0020002000BF6FF00500EDE700BFE3
:1010400000BF206940B100BF40F27E6356A276A186
:101050007FA0FFF7CBFA00BF00BF00BF606940B1BF
:1010600000BF40F27F6350A283A179A0FFF7BEFAD0
:1010700000BF00BF00224FF49A71104607F07AFDBE
:101080002061206920B900BF00BF4FF0FF30C4E7E6
:1010900000BF20694089B0F59A7F08D200BF40F2B6
:1010A000866341A27EA16AA0FFF7A0FA00BF00BF3D
:1010B000607B18B9FFF75AF98949086088480068C9
:1010C000206000BF00BF2069406860610120616945
:1010D00008706169487096F82A006169887000207C
:1010E0006169C870206806F0EAFA6169486000200A
:1010F00061690881616948816169C860082F09D008
:10110000042F07D0032F08D1207B052802D0207B95
:10111000042802D170686169C860002061690861B3
:10112000616948616169886100250DE096F82A00CF
:10113000A84203DD06F12B00405D00E0002061695C
:101140001C314855681C85B2102DEFD3002505E0F1
:10115000002160692C304155681C85B2402DF7D3C1
:10116000002505E0002160696C304155681C85B29E
:10117000802DF7D35B486169C1F8EC000020208323
:10118000002504E06069F0304555681C85B2442DA7
:10119000F8D301223521204600F0E0FA39462046F6
:1011A00000F020FB002038E74C5749505C73726315
:1011B0005C636F72655C646863702E63000000009E
:1011C000646863705F6372656174655F6D73673ACD
:1011D000206E6574696620213D204E554C4C000000
:1011E000417373657274696F6E20222573222066C5
:1011F00061696C6564206174206C696E652025648A
:1012000020696E2025730A00646863705F637265ED
:101210006174655F6D73673A206468637020213D77
:10122000204E554C4C000000646863705F6372652B
:101230006174655F6D73673A20646863702D3E70FA
:101240005F6F7574203D3D204E554C4C00000000F2
:10125000417373657274696F6E206661696C656451
:101260003A2025732C2066696C652025732C206C30
:10127000696E652025640A00646863705F63726547
:101280006174655F6D73673A20646863702D3E6DAD
:1012900073675F6F7574203D3D204E554C4C0000C8
:1012A000646863705F6372656174655F6D73673AEC
:1012B00020636865636B207468617420666972736B
:1012C0007420706275662063616E20686F6C6420A4
:1012D00073747275637420646863705F6D73670004
:1012E000A0000020638253632DE9F84305466C6A31
:1012F000002600BF00BF0C21204601F081F9042226
:1013000021462846FFF776FE06460EBB0422322110
:10131000204600F023FA606A06F0FCF98046414658
:10132000204600F0B5FA204600F064FB228BF03234
:1013300091B2206908F00EFB009543230E4A216903
:1013400060680DF02FFF204600F018F800BF01E0A4
:1013500000BF00BF607B401C607342F2107707F251
:10136000F3104FF4FA7190FBF1F0608300BF00BFFF
:101370003046BDE8F8830000D40A010810B50446E1
:1013800000BF54B917A340F2C9621CA123A0FFF704
:101390002DF90020002000BF10BD00BF00BF206954
:1013A00040B900BF40F2CA630EA226A12FA0FFF7EA
:1013B0001DF900BF00BF00BF606940B900BF40F227
:1013C000CB6308A233A129A0FFF710F900BF00BF2B
:1013D000206910B1206908F0E3F800202061606105
:1013E00000BFD9E74C5749505C7372635C636F72FE
:1013F000655C646863702E6300000000646863705D
:101400005F64656C6574655F6D73673A20646863DB
:101410007020213D204E554C4C00000041737365F7
:101420007274696F6E2022257322206661696C6573
:1014300064206174206C696E6520256420696E20CB
:1014400025730A00646863705F64656C6574655F2A
:101450006D73673A20646863702D3E705F6F7574BA
:1014600020213D204E554C4C000000004173736517
:101470007274696F6E206661696C65643A202573C9
:101480002C2066696C652025732C206C696E6520A4
:1014900025640A00646863705F64656C6574655FE9
:1014A0006D73673A20646863702D3E6D73675F6F7C
:1014B000757420213D204E554C4C0000F8B5054672
:1014C0006C6A002600BF00BF002060620621204633
:1014D00001F096F8012221462846FFF78BFD0646CB
:1014E000002E3AD100BF00BF02223921204600F071
:1014F00035F9298D204600F03BFA04223721204699
:1015000000F02CF90121204600F06CF9032120465F
:1015100000F068F91C21204600F064F906212046FD
:1015200000F060F9204600F065FA00BF00BF228B92
:10153000F03291B2206908F00DFA00BF00BF0095AB
:101540004323164A216960680DF02CFE00BF00BFDE
:101550002046FFF713FF00BF01E000BF00BF607B24
:10156000401C6073607B062803DA617B01208840A1
:1015700000E03C2000EB4001C1EBC0104FF6FF71D2
:1015800001EAC00707F2F3104FF4FA7190FBF1F093
:10159000608300BF00BF3046F8BD0000D40A0108D8
:1015A00010B5104804681AE0606AB8B1606A408BF0
:1015B000012805DD606A408B401E616A48830DE0AA
:1015C000606A408B012809D1606A408B401E616AC5
:1015D000488300BF00BF204601F0B2F92468002C08
:1015E000E2D110BDD4000020F8B50646746A002090
:1015F000A062E0622448C07810B12448C06820632B
:101600002148007918B121480069606302E0206B2D
:10161000400860631C48407918B11C484069A063C9
:1016200001E0206BA063A0680069606216488079C1
:1016300038B11649886906F042F8A0620120A0730B
:1016400001E00020A0731048C07920B10F49C8699B
:1016500006F035F8E06200250EE005F108010B4ABE
:1016600052F8210006F02BF800906946284601F058
:1016700003FE681CC5B200BF05F108000249085C02
:1016800008B1022DE9DBF8BD10A50020E8A4002078
:1016900070B50446656A00BF00BF204607F0F0F849
:1016A0000949204607F00AF90749204607F0FDF8E6
:1016B0000549204607F08CF90C21284600F0A0FFD0
:1016C0002046FFF7FBFE70BDD00A010870B5054645
:1016D0006C6A00BF00BF0B48807878B10A498868FF
:1016E00005F0EDFF206200BF00BFA06800696062E6
:1016F00000BF00BF284600F001FF01E000BF00BFAF
:1017000070BD000010A50020E8A4002070B50546BB
:101710006C6A04B970BD207B042809D003DC98B141
:10172000032812D107E0052803D00A280DD101E0D3
:1017300000BF00BF00BF284607F0A2F8002060737A
:10174000284600F009FD06E005E000206073284609
:10175000FFF7B4FE00BF00BF00BFDBE770B5044673
:101760000E46154600BF208B801C2844442808D90B
:1017700000BF40F2F6430AA20F4910A0FEF736FF61
:1017800000BF00BF218B481C20836069F0304654A5
:10179000218B481C20836069F030455470BD0000E7
:1017A0004C5749505C7372635C636F72655C64682C
:1017B00063702E6300000000280B010841737365FD
:1017C0007274696F6E206661696C65643A20257376
:1017D0002C2066696C652025732C206C696E652051
:1017E00025640A0070B504460D4600BF208B4428CE
:1017F00008D300BF40F2015306A20CA11AA0FEF7C5
:10180000F5FE00BF00BF218B481C20836069F030CB
:10181000455470BD4C5749505C7372635C636F7282
:10182000655C646863702E63000000006468637028
:101830005F6F7074696F6E5F627974653A20646877
:1018400063702D3E6F7074696F6E735F6F75745F38
:101850006C656E203C20444843505F4F5054494FC4
:101860004E535F4C454E0000417373657274696F4F
:101870006E206661696C65643A2025732C20666968
:101880006C652025732C206C696E652025640A0028
:1018900070B504460D4600BF208B001D442808D9B2
:1018A00000BF4FF4A26312A217A127A0FEF79EFE6D
:1018B00000BF00BF290E228B501C20836069F030CE
:1018C0008154C5F30741228B501C20836069F0309E
:1018D0008154C5F30721228B501C20836069F030AE
:1018E0008154228B501C20836069F030855470BD78
:1018F0004C5749505C7372635C636F72655C6468DB
:1019000063702E6300000000646863705F6F707422
:10191000696F6E5F6C6F6E673A20646863702D3E0E
:101920006F7074696F6E735F6F75745F6C656E2036
:101930002B2034203C3D20444843505F4F505449B5
:101940004F4E535F4C454E00417373657274696F1F
:101950006E206661696C65643A2025732C20666987
:101960006C652025732C206C696E652025640A0047
:1019700070B504460D4600BF208B801C442808D952
:1019800000BF4FF4A1630AA20F4910A0FEF72EFE7C
:1019900000BF00BF290A228B501C20836069F030F1
:1019A0008154228B501C20836069F030855470BDB7
:1019B0004C5749505C7372635C636F72655C64681A
:1019C00063702E6300000000E40A01084173736530
:1019D0007274696F6E206661696C65643A20257364
:1019E0002C2066696C652025732C206C696E65203F
:1019F00025640A0010B5044600BF54B920A340F284
:101A0000DE6225A12DA0FEF7F1FD0020002000BF21
:101A100010BD00BF00BF606940B900BF40F2DF6386
:101A200017A230A13AA0FEF7E1FD00BF00BF00BF42
:101A3000208B442808D300BF4FF4DC6310A23EA1E2
:101A400033A0FEF7D3FD00BF00BFFF21228B501C47
:101A500020836069F030815406E00021228B501C05
:101A600020836069F0308154208B442803D3207E8A
:101A700000F0030010B1208B4428EED300BFC7E76D
:101A80004C5749505C7372635C636F72655C646849
:101A900063702E6300000000646863705F6F707491
:101AA000696F6E5F747261696C65723A2064686315
:101AB0007020213D204E554C4C0000004173736551
:101AC0007274696F6E2022257322206661696C65CD
:101AD00064206174206C696E6520256420696E2025
:101AE00025730A00646863705F6F7074696F6E5F5E
:101AF000747261696C65723A20646863702D3E6D22
:101B000073675F6F757420213D204E554C4C0A0061
:101B1000417373657274696F6E206661696C656488
:101B20003A2025732C2066696C652025732C206C67
:101B3000696E652025640A00646863705F6F707465
:101B4000696F6E5F747261696C65723A2064686374
:101B5000702D3E6F7074696F6E735F6F75745F6C1C
:101B6000656E203C20444843505F4F5054494F4ECF
:101B7000535F4C454E0A00002DE9F34F89B089466A
:101B80000020069005900A21FC48FEF71AFCB9F8DF
:101B90000A002C2804DA6FF001000BB0BDE8F08FCA
:101BA000D9F80410099881604FF0F00BB9F80800DB
:101BB000079000BF4C460AE06089ABEB00001FFABB
:101BC00080FB61890798401A80B20790246814B19D
:101BD00060895845F0DD14B96FF00100DDE75F461C
:101BE000DDF81CA060680890AEE10898C05D049024
:101BF00000264FF0FF38B81C80B203906189781C32
:101C0000814203DD791C0898455C07E0206818B123
:101C100020684068007800E0002005462E460498C1
:101C2000342870D00BDC03282CD003DC80B10128D1
:101C30006AD113E006283AD03328F9D169E0352873
:101C400077D0362876D03A2875D03B28F0D1C7E037
:101C5000002005460646781E87B2D9E000BF042D55
:101C60000CD0C7A340F27B52CBA1CEA0FEF7BEFCA6
:101C70000020002000BF6FF005008EE700BF4FF08E
:101C80000608C5E0042600BFB5420CDABCA34FF439
:101C9000B062CEA1C3A0FEF7A9FC0020002000BFC7
:101CA0006FF0050079E700BF4FF00708B0E000BF14
:101CB000E91705EB91718910A5EB810161B1B0A322
:101CC00040F28552C6A1B7A0FEF790FC002000208C
:101CD00000BF6FF0050060E700BF082D01DA28465D
:101CE00000E00820064600BFB5420EDAA4A34FF478
:101CF000B162B6A1ABA0FEF779FC0020002000BFC6
:101D00006FF0050049E71BE07EE000BF4FF00808D8
:101D10007EE000BF042D0FD099A340F28C529EA10B
:101D2000A0A0FEF763FC0020002000BF6FF00500BC
:101D300033E719E02CE03FE000BF4FF0030867E015
:101D400000BF012D0CD08EA34FF4B262A8A195A0C4
:101D5000FEF74CFC0020002000BF6FF005001CE7E0
:101D600000BF4FF0000853E000BF012D0CD084A34A
:101D700040F294529EA18BA0FEF738FC0020002078
:101D800000BF6FF0050008E700BF4FF001083FE01B
:101D900000BF042D0CD07AA34FF4B3627EA181A0C2
:101DA000FEF724FC0020002000BF6FF00500F4E6E1
:101DB00000BF4FF002082BE000BF042D0CD070A331
:101DC00040F29C5274A177A0FEF710FC0020002086
:101DD00000BF6FF00500E0E600BF4FF0040817E019
:101DE00000BF042D0CD066A34FF4B4626AA16DA0AD
:101DF000FEF7FCFB0020002000BF6FF00500CCE6E2
:101E000000BF4FF0050803E0002600BF00BF00BF81
:101E100000BFA81C384487B2002E73DD002002905A
:101E200000BF00BFB8F1000F02DBB8F10A0F08DBFA
:101E300000BF40F2AD5352A270A175A0FEF7D6FBD1
:101E400000BF00BF4D4810F80800002859D1042EEB
:101E500001DA304600E00420019002A92046039BED
:101E6000019A07F0FDFA042E28DD00BFF11706EBFA
:101E700091718910A6EB810161B141A340F2B35287
:101E80006DA148A0FEF7B2FB0020002000BF6FF05C
:101E9000050082E600BF0120384901F808000298D9
:101EA00005F00DFC694941F82800301FC6B20398BF
:101EB000001D80B2039008F10108B2E7042E04D19E
:101EC000029805F027FC029013E000BF012E0CD011
:101ED0002BA340F2BD525EA132A0FEF787FB00208B
:101EE000002000BF6FF0050057E600BF9DF8080016
:101EF00002900120214901F808005449029841F854
:101F0000280000BF6089B8421DDC6089381A87B29A
:101F10006089AAEB00001FFA80FA574512DABAF17D
:101F2000000F0FD0246800BF44B900BF40F2C9536E
:101F300013A24CA136A0FEF759FB00BF00BF60689A
:101F4000089000E008E000BF34B10898C05DFF28A9
:101F500002D05745FFF649AE00BF0848007850B19F
:101F60003A4908680021054A1170012804D101216D
:101F7000069100BF8FE08FE07EE0000010A50020FA
:101F80004C5749505C7372635C636F72655C646844
:101F900063702E63000000006C656E203D3D2034B0
:101FA00000000000417373657274696F6E20222512
:101FB0007322206661696C6564206174206C696EAF
:101FC0006520256420696E2025730A006C656E20EB
:101FD0003E3D206465636F64655F6C656E00000064
:101FE0006C656E20252034203D3D2030000000002F
:101FF0006C656E203D3D2031000000006368656324
:102000006B206465636F64655F696478000000003D
:10201000417373657274696F6E206661696C656483
:102020003A2025732C2066696C652025732C206C62
:10203000696E652025640A006465636F64655F6C82
:10204000656E20252034203D3D203000E8A400208E
:10205000696E76616C6964206465636F64655F6C4A
:10206000656E00006E657874207062756620776119
:1020700073206E756C6C0000022803D1012105915C
:1020800000BF08E0032804D101210591069100BF9B
:1020900001E000BF00BF00BF069830B100200690ED
:1020A0004FF06C0BEC20079084E5059830B10020D0
:1020B00005904FF02C0B6C2007907BE500206CE521
:1020C000F8B505466C6A00BF00BF0421204600F049
:1020D00097FA032221462846FEF78CFF0646EEB902
:1020E000022239212046FFF739FB298D2046FFF7D0
:1020F0003FFC2046FFF77EFC228BF03291B2206934
:1021000007F028FC00954323124A216960680DF00E
:1021100049F82046FFF732F900BF01E000BF00BFD9
:10212000607B401C6073607B0A2805DA607B4FF49B
:102130007A7110FB01F001E042F2107087B207F2F1
:10214000F3104FF4FA7190FBF1F0608300BF00BF11
:102150003046F8BDD40A01082DE9F84305466C6AFB
:1021600000BF00BF0321204600F04AFA03222146A7
:102170002846FEF73FFF06465EBB02223921204675
:10218000FFF7ECFA4FF410712046FFF7F1FB042241
:1021900032212046FFF7E2FA606A05F0BBFA80467A
:1021A00041462046FFF774FB2046FFF723FC228BB5
:1021B000F03291B2206907F0CDFB00954323134A1A
:1021C000216960680CF0EEFF2046FFF7D7F800BFEA
:1021D00001E000BF00BF607B401C6073607B0A2889
:1021E00005DA607B4FF47A7110FB01F001E042F2F6
:1021F000107087B207F2F3104FF4FA7190FBF1F010
:10220000608300BF00BF3046BDE8F883D40A0108F0
:102210002DE9F05F81461546DDF828B04F467C6A0F
:10222000D5F804A000BF00BF00BF00BF00BF00BFC3
:1022300000BFA06840B100BF40F2116344A24AA1B0
:102240004EA0FEF7D3F900BF00BF68892C2802DA40
:1022500000BF00BF75E09AF80000022802D000BF5E
:1022600000BF6EE000260CE007F12B00815D0AF153
:102270001C00805D814202D000BF00BF61E0701C85
:10228000C6B297F82A00B042EEDCDAF8040005F096
:1022900041FA2168884202D000BF00BF51E02946C0
:1022A0002046FFF769FC10B100BF00BF49E000BF46
:1022B00000BF3C48407810B900BF00BF41E03A4839
:1022C00090F80480B8F1050F18D100BF00BF207B43
:1022D000012806D13846FFF787F93846FEF73EFE5B
:1022E0002EE0207B032805D0207B042802D0207B11
:1022F000052825D13846FEF761FD21E0B8F1060F2B
:1023000011D1207B032808D0207B012805D0207B19
:10231000042802D0207B052805D100BF00BF384625
:10232000FFF7B6F90CE0B8F1020F09D1207B0628BF
:1023300006D100BF00BF002060833846FFF7C6F912
:1023400000BF0020A060284607F02AF9BDE8F09FF2
:102350004C5749505C7372635C636F72655C646870
:1023600063702E63000000007265706C79207761E5
:10237000736E27742066726565640000417373652F
:102380007274696F6E206661696C65643A202573AA
:102390002C2066696C652025732C206C696E652085
:1023A00025640A0010A50020E8A40020F8B5054621
:1023B0006C6A00BF00BF0021204600F021F9002018
:1023C00020626062A062E062A06360632063072213
:1023D00021462846FEF70EFE0646AEB92046FFF718
:1023E00009FB228BF03291B2206907F0B3FA009515
:1023F000432304F12002216960680CF0D3FE2046DB
:10240000FEF7BCFF00BF01E000BF00BF607B401CC7
:102410006073607B0A2805DA607B4FF47A7110FBE9
:1024200001F001E042F2107087B207F2F3104FF4AE
:10243000FA7190FBF1F0608300BF00BF284606F000
:102440001FFA0749284606F039FA0549284606F0DA
:102450002CFA0349284606F0BBFA3046F8BD0000C6
:10246000D00A0108F8B505466C6A00BF00BF052117
:10247000204600F0C5F8032221462846FEF7BAFDA3
:102480000646F6B9022239212046FFF767F9298D61
:102490002046FFF76DFA2046FFF7ACFA228BF032A8
:1024A00091B2206907F056FA0095432304F1200207
:1024B000216960680CF076FE2046FEF75FFF00BFE2
:1024C00001E000BF00BF607B401C6073607B0A2896
:1024D00005DA607B4FF4FA6110FB01F001E044F68D
:1024E000206087B207F2F3104FF4FA7190FBF1F01D
:1024F000608300BF00BF3046F8BD00002DE9F843FF
:1025000005466C6A00BF00BF0121204600F078F844
:10251000032221462846FEF76DFD0646002E4CD1CB
:10252000022239212046FFF719F9298D2046FFF7AD
:102530001FFA042232212046FFF710F9606A05F0E5
:10254000E9F8804641462046FFF7A2F904223621E9
:102550002046FFF703F9206A05F0DCF88046414683
:102560002046FFF795F9042237212046FFF7F6F8B9
:1025700001212046FFF736F903212046FFF732F903
:102580001C212046FFF72EF906212046FFF72AF9E5
:102590002046FFF72FFA228BF03291B2206907F024
:1025A000D9F900954323154A216960680CF0FAFDBA
:1025B0002046FEF7E3FE00BF01E000BF00BF607BE6
:1025C000401C6073607B062803DA617B0120884031
:1025D00000E03C2000EB4001C1EBC0104FF6FF7162
:1025E00001EAC00707F2F3104FF4FA7190FBF1F023
:1025F000608300BF00BF3046BDE8F883D40A0108FD
:10260000027B8A4203D001730022427342837047E7
:1026100070B50546002600BF65B949A340F27A228D
:102620004DA151A0FDF7E2FF0020002000BF6FF098
:102630000D0070BD00BF6C6A00BF00BF15F8310F00
:1026400020F00800287015F8310900F0200020B9AA
:1026500000BF00BF6FF00D00EBE7288DB0F5107FD5
:1026600004DA00BF00BF4FF0FF30E2E774B900BFEB
:1026700000BF3C2005F022FB044624B900BF00BF88
:102680004FF0FF30D5E76C6200BF20E000BF00BF15
:10269000606810B160680CF037FD00BF206940B180
:1026A00000BF40F29E2326A239A13FA0FDF79EFF66
:1026B00000BF00BF00BFA06840B100BF40F29F2331
:1026C0001FA243A138A0FDF791FF00BF00BF3C212E
:1026D0002046FDF776FE0CF0D9FC6060606820B9FA
:1026E00000BF00BF4FF0FF30A3E76068007A40F002
:1026F00020006168087244223A4960680CF09CFA34
:102700004322384960680CF013FB2A46364960685A
:102710000CF0F6FC00BF00BF2846FEF7CFFE0646D1
:102720002EB1284600F062F84FF0FF3081E795F8AF
:10273000310040F0080085F83100304679E70000AC
:102740004C5749505C7372635C636F72655C64687C
:1027500063702E63000000006E6574696620213D81
:10276000204E554C4C000000417373657274696FC4
:102770006E2022257322206661696C656420617475
:10278000206C696E6520256420696E2025730A001F
:102790007062756620705F6F7574207761736E2745
:1027A0007420667265656400417373657274696F45
:1027B0006E206661696C65643A2025732C20666919
:1027C0006C652025732C206C696E652025640A00D9
:1027D0007265706C79207761736E277420667265FC
:1027E00065640000D00A01081122000870B5054692
:1027F00000BF55B918A340F2C7421DA123A0FDF7A1
:10280000F5FE0020002000BF70BD00BF6C6A95F887
:10281000310020F0080085F8310000BF00BF002C17
:1028200017D0606820B160680CF06EFC002060601A
:1028300000BFA06840B100BF40F2DA4306A21DA16C
:1028400021A0FDF7D3FE00BF00BF00212046FFF707
:10285000D7FE00BFD8E700004C5749505C73726345
:102860005C636F72655C646863702E6300000000D7
:10287000646863705F73746F703A206E6574696624
:1028800020213D204E554C4C0000000041737365E3
:102890007274696F6E2022257322206661696C65EF
:1028A00064206174206C696E6520256420696E2047
:1028B00025730A007265706C79207761736E2774D6
:1028C0002066726565640000417373657274696F98
:1028D0006E206661696C65643A2025732C206669F8
:1028E0006C652025732C206C696E652025640A00B8
:1028F00070B505466C6A00BF00BF207B012805D07B
:10290000207B0A2802D0207B052804D100BF00BF0D
:102910002846FFF7A7FD70BD70B505466C6A00BF7D
:1029200000BF207B012805D0207B0A2802D0207B15
:10293000052804D100BF00BF2846FFF7C1FB70BDCA
:1029400070B505466C6A00BF00BF207B0C2802D022
:10295000207B062805D100BF00BF2846FEF7AEFD4C
:102960004FE0207B012811D100BF00BF607B05280C
:1029700003DC2846FFF7C2FD43E000BF00BF284646
:10298000FFF714FD2846FEF799FD3AE0207B082862
:102990000CD100BF00BF607B012803DC2846FEF796
:1029A000DDFA2EE02846FEF709FA2AE0207B05280A
:1029B00005D100BF00BF2846FFF754FD21E0207B72
:1029C000042811D100BF00BF607B082803DC284623
:1029D000FFF776FB15E000BF00BF2846FFF7E6FCD7
:1029E0002846FEF76BFD0CE0207B032809D1607BB5
:1029F000022803DA2846FFF7AFFB02E02846FEF77D
:102A00005DFD70BD10B5044600BF00BFFEF7CAFAF9
:102A1000002203494EF6602007F030FF10BD000091
:102A2000052A000810B5044600BF00BFFEF7B8FD38
:102A3000002203494FF4FA7007F020FF10BD000098
:102A4000252A000810B5002404E0204600F006F80E
:102A5000601CC4B2042CF8DB10BD000070B5064643
:102A6000C6EBC60000EB8000444901EBC00400BF88
:102A7000042E08DB00BF40F2812341A245A14CA0F7
:102A8000FDF7B4FD00BF00BF2078002866D0012804
:102A900004D0022815D0032861D154E00220207010
:102AA000002060700120A0700020E0706078324645
:102AB00004F10C0100F0F4FA05460DB100BF00BFAF
:102AC00059E0A078401EC0B2A07000283AD1E0784A
:102AD000401CC0B2E070042828D16078401C022855
:102AE00012DA6078401C3C4901EB800060B16078EC
:102AF000401C51F8200038B16078401C6070012003
:102B0000A0700020E07036E000BF00BFD4F81001D4
:102B100038B1002104F10C00D4F81031D4F814219C
:102B2000984700202070C4F8100124E0E078A070DD
:102B30006078324604F10C0100F0B2FA05460DB19E
:102B400000BF00BF17E0A068401EA06028B900BF0A
:102B500000BF00202070C4F810010CE00BE000BFA3
:102B600000BF40F2C52306A21CA111A0FDF73EFD47
:102B700000BF00BF00BF00BF70BD00001CA500204B
:102B80004C5749505C7372635C636F72655C646E32
:102B9000732E6300617272617920696E64657820BA
:102BA0006F7574206F6620626F756E64730000002D
:102BB000417373657274696F6E206661696C6564D8
:102BC0003A2025732C2066696C652025732C206CB7
:102BD000696E652025640A00B0000020756E6B6E7A
:102BE0006F776E20646E735F7461626C6520656ED2
:102BF0007472792073746174653A000010B50246EE
:102C000000BF11F8013B03F0C000C02800D110E064
:102C100009E010780C78A04201D0012010BD491CB9
:102C2000521C581EC3B2002BF3DC521C087800283B
:102C3000E7D100BF0020F1E72DE9F05F07468846A5
:102C40009146002400200646834600251BE0C5EB84
:102C5000C50000EB8000314901EBC004207800B9C9
:102C600013E0207803280CD120792D490978081A1F
:102C7000584506DD20792A490978081A00F0FF0B2B
:102C80002E46681CC5B2042DE1DB00BF042D18D10F
:102C9000042E08DAC6EBC60000EB80001F4911F8CD
:102CA0003000032805D000BF00BF4FF0FF30BDE863
:102CB000F09F3546C5EBC50000EB8000174901EBDE
:102CC000C00400BF00BF01202070154800782071AB
:102CD00013480078401C12490870C4F81081C4F8E9
:102CE00014913846FDF778FBFF2803D23846FDF7EC
:102CF00073FB00E0FF2082465246394604F10C0087
:102D0000FDF746FB002104F10C0000F80A102846EC
:102D1000FFF7A4FE6FF00400C9E700001CA5002027
:102D2000AC0000202DE9F04105460C46174664B181
:102D30000A4821680160204604F04AFB06463246F4
:102D4000294607A0FDF752FC03E0294608A0FDF73D
:102D50004DFC01200D490860BDE8F081F80100201C
:102D6000444E533A202573202D3E2025730D0A0032
:102D7000444E533A202573207265736F6C7665203C
:102D80006661696C65640D0A00000000F4010020B2
:102D90002DE9F04106460D4617469846164800684C
:102DA00040B13DB136B1307820B13046FDF714FB6B
:102DB000FF2803D96FF00D00BDE8F0810FA1304668
:102DC000FDF711FB18B9104828600020F4E73046E1
:102DD00004F012FA0446601C18B9304600F052F8AC
:102DE0000446601C10B12C600020E5E742463946DD
:102DF0003046FFF721FFDFE7A80000206C6F63611A
:102E00006C686F73740000007F00000108B51448FF
:102E100020F003001349086013A004F0EDF90090BE
:102E200000BF00BF14480068C0B90CF02FF9124968
:102E300008600846006888B100BF00BF00220F4943
:102E40000D4800680BF0F8FE00220D490A480068A2
:102E50000CF056F96946002000F00EFA08BD00009B
:102E60007FA90020B80000203230382E36372E32AD
:102E700032322E3232320000A8000020D00A01087F
:102E8000192F000870B50546002427E0C4EBC400E4
:102E900000EB8000144911F8300003281CD1C4EB6A
:102EA000C40000EB80000A4602EBC00000F10C01F8
:102EB0002846FDF798FA78B900BF00BF00BF00BFF1
:102EC00000BF00BFC4EBC40000EB8000064901EB6B
:102ED000C000D0F80C0170BD601CC4B2042CD5DB5E
:102EE0004FF0FF30F7E700001CA50020014600BFAF
:102EF00011F8012B02F0C000C02800D108E002E068
:102F0000491C501EC2B2002AFADC08780028EFD112
:102F100000BF481C704700002DE9FE4F1546DDF844
:102F200030B02889B0F5007F02DD00BF00BFACE003
:102F300028891A2802DA00BF00BFA6E02A890023E8
:102F400054480168284606F08BFA2989884279D1CD
:102F500050480668308804F0BFFB8046B8F1040F83
:102F600070DAC8EBC80000EB80004B4901EBC004ED
:102F70002078022878D103202070F07800F00F002C
:102F80006071B08804F0A8FB8246F08804F0A4FBCE
:102F90008146B07800F0800020B1607910B9BAF1B4
:102FA000010F02D000BF00BF5FE03A4801680C315A
:102FB00004F10C00FFF722FE10B100BF00BF54E087
:102FC000344800680C30FFF791FF071D46E0384693
:102FD000FFF78CFF074638680090786801903889C1
:102FE000ADF80800BDF80000B0F5807F2BD1BDF82A
:102FF0000200B0F5807F26D1BDF80800B0F5806FE3
:1030000021D1019804F086FBA0602449A068884281
:1030100001D90846A060D7F80A10C4F80C1100BF07
:1030200000BF00BF00BF00BF00BFD4F8100140B117
:1030300004F5867104F10C00D4F81031D4F8142191
:10304000984722E010E0BDF8080004F045FB07F1C6
:103050000A014718A9F101001FFA80F9B9F1000F20
:10306000B5DC00BF00BF00E00FE0D4F8100138B1BC
:10307000002104F10C00D4F81031D4F81421984741
:1030800000202070C4F8100100BF284606F088FA1E
:10309000BDE8FE8FB80000201CA50020803A090082
:1030A0002DE9F74F82B00746894600BF00BF00BF39
:1030B000022F08DB00BF4FF40F7348A24CA152A0AF
:1030C000FDF794FA00BF00BF00BF594800EB87002E
:1030D00018B1574850F8270040B900BF40F23D23CF
:1030E0003EA254A148A0FDF781FA00BF00BF002214
:1030F0004FF48871104605F03DFD0546002D66D061
:1031000000BF286840B100BF40F2432333A252A160
:103110003DA0FDF76BFA00BF00BFD5F8048000208A
:10312000C8F80000C8F80400C8F80800049804F0C3
:10313000D3FAA8F80000012088F802000002A8F8DD
:10314000040008F10C044E46761E00BF761CA34610
:10315000641C0020009007E030782070641C009808
:10316000401CC0B20090761C30782E2802D03078F7
:103170000028F1D100988BF8000030780028E5D1C4
:1031800004F8010B4FF48070ADF80400ADF80600B0
:1031900001982060AA88201D801A81B2284606F076
:1031A000D9FB234800EB87013522324800680BF039
:1031B000BFFD1F4800EB8702352329462D480068D4
:1031C0000BF0C2FF8246284606F0EAF901E04FF014
:1031D000FF3A504605B0BDE8F08F00004C5749500B
:1031E0005C7372635C636F72655C646E732E630004
:1031F000646E7320736572766572206F7574206FCC
:103200006620617272617900417373657274696FCF
:103210006E206661696C65643A2025732C206669AE
:103220006C652025732C206C696E652025640A006E
:10323000B0000020646E732073657276657220683A
:103240006173206E6F2049502061646472657373EE
:10325000207365740000000070627566206D7573E0
:103260007420626520696E206F6E652070696563E9
:1032700065000000A800002002280ADA054A12684A
:103280003AB131B129B10A681AB1034A0B6842F860
:1032900020307047A8000020B000002070B506461E
:1032A00024A0FDF7A3F903E04FF4FA700CF0EEF957
:1032B000284840680028F7D02648001D04F088F808
:1032C0000546294624A0FDF791F900202F49086002
:1032D00000232F4A2F4930A0FFF75AFD044644B976
:1032E0002C4804F075F8054629462FA0FDF77EF915
:1032F00009E0601D18B935A0FDF778F903E0214613
:103300003BA0FDF773F9002503E064200CF0BEF943
:103310006D1CB5F5FA7F03DA1C4800680028F4D06C
:103320001A48006810B936A0FDF760F900200CF0CB
:10333000DBF970BD444E53207461736B3A207761A2
:103340006974696E6720666F722049502E2E2E0DAB
:103350000A00000094DD0120444E53207461736B19
:103360003A20676F742049502025732C20726573B2
:103370006F6C76696E67207777772E626169647506
:103380002E636F6D2E2E2E0D0A000000F40100201A
:10339000252D0008F80100207777772E6261696497
:1033A000752E636F6D000000444E533A2077777797
:1033B0002E62616964752E636F6D202D3E2025732A
:1033C0002028636163686564290D0A00444E533AFE
:1033D0002072657175657374207175657565642CEF
:1033E0002077616974696E672E2E2E0D0A00000029
:1033F000444E533A206572726F722025640D0A00A4
:10340000444E533A2074696D656F75740D0A00005F
:1034100010B5044600BF00BF00F00AF800220349BF
:103420004FF47A7007F02AFA10BD0000113400083A
:1034300010B50448006818B100BF00BFFFF702FBD9
:1034400010BD0000A80000200349096860F3C711FF
:10345000014A11607047000000800240034909687A
:1034600060F34611014A116070470000008002407D
:103470000349096860F31041014A11607047000078
:10348000008002401FB500240020009001900290AF
:1034900003902548006964F3850023490861684664
:1034A000FDF742FA21490198884205D32049019845
:1034B000884201D2022430E01D490198884205D398
:1034C0001C490198884201D2032426E01949019839
:1034D000884205D318490198884201D200241CE093
:1034E00015490198884205D314490198884201D2B0
:1034F000012412E011490198884205D3104901982E
:10350000884201D2042408E00D490198884204D37E
:103510000C490198884200D805240348006964F3E7
:103520008500014908611FBD00800240002D310166
:10353000C00E16020087930300E1F50580D1F00864
:1035400080B2E60E00882A1100B50346587800F0D4
:103550002FF89878FFF782FFD878FFF775FF187972
:1035600000F084FC587900F05FFAD87900F0E0FAB6
:10357000187A00F02BFC987AFFF77AFFD87A00F0DF
:1035800049FA187B00F05AFA587B00F019FE00BD8A
:1035900000210170C170817081724170817141722E
:1035A000C17241710173C171017201714173704740
:1035B0000349096860F30411014A11607047000073
:1035C0000080024008B508490968C9084FF47A72BA
:1035D000B1FBF2F14143009100BF00BF00994A1EC8
:1035E00000920029F9D108BD0000002002783B4973
:1035F000096862F35961394A1160427937490968AB
:1036000062F38601354A116082783449096862F3B1
:103610005641324A116002793049096862F30D213E
:103620002E4A1160C2782D49096862F310412B4A75
:10363000116042782949096862F3D751274A11601D
:1036400082792649096862F34101244A1160C279EE
:103650002249096862F38F31204A1160027A1F49BA
:10366000896962F39A611D4A9161427A1B498969AD
:1036700062F35961194A9161827A1849896962F342
:103680001861164A9161C27A1449896962F35551E9
:10369000124A9161027B1149896962F390310F4AA4
:1036A0009161427B0D49896962F3C7110B4A9161AF
:1036B000827B0A49896962F38611084A9161C27B5B
:1036C0000649896962F3C401044A9161027C034995
:1036D000896962F38201014A91617047009002405A
:1036E00070B505461446002015B1012D45D120E0E6
:1036F000234E3160002015E001EB40124FF480169C
:103700001660C0EB401606EB801604EB06169660BA
:103710005E1E864204D901EB40162036D66000E0DA
:10372000D160401C9842E7D3164E3669154E316180
:1037300023E0154E3160002018E001EB40124FF0FD
:103740000046166044F2F0565660C0EB401606EB99
:10375000801604EB061696605E1E864204D901EBC5
:1037600040162036D66000E0D160401C9842E4D379
:10377000044EF668034EF16000BF00BF70BD00004C
:103780000400002000900240080000200149486128
:10379000704700000090024001460020024A526932
:1037A0000A4002B101207047009002400F2872D2F7
:1037B000DFE800F0080F161D242B323940474E5524
:1037C0005C636A00354AD26961F30002334BDA6107
:1037D00061E0324AD26961F34102304BDA615AE06A
:1037E0002E4AD26961F382022C4BDA6153E02B4AF4
:1037F000D26961F3C302294BDA614CE0274AD269EE
:1038000061F30412254BDA6145E0244AD26961F381
:103810004512224BDA613EE0204AD26961F38612FA
:103820001E4BDA6137E01D4AD26961F3C7121B4BA8
:10383000DA6130E0194AD26961F30822174BDA6184
:1038400029E0164AD26961F34922144BDA6122E079
:10385000124AD26961F38A22104BDA611BE00F4AE7
:10386000D26961F34D320D4BDA6114E00B4AD26933
:1038700061F38E32094BDA610DE0084AD26961F3D7
:10388000CF32064BDA6106E0044AD26961F3104296
:10389000024BDA6100BF00BF704700000090024099
:1038A00038B505460C46002000900A2D55D2DFE8B9
:1038B00005F0050C131A2128383F464D2848806929
:1038C00064F341002649886147E02548806964F334
:1038D00082002349886140E02148806964F38610B2
:1038E0001F49886139E01E48806964F3C7101C498C
:1038F000886132E01A48806964F34D301849886164
:103900002BE01748806964F3145015498861084614
:10391000806900900120FFF755FE114900988861E9
:103920001BE00F48806964F355500D49886114E02D
:103930000B48806964F31860094988610DE0084804
:10394000806964F359600649886106E0044880692B
:1039500064F39A600249886100BF00BF38BD00006F
:103960000090024000210170817141710172C170AB
:103970004173817281730174C1714172012181703F
:103980000021C173C17201210171002101734170D5
:10399000704721B1426822F00042426003E0426871
:1039A00042F00042426070470448006800F00100A5
:1039B00008B1012070470020FCE7000000900240A1
:1039C0000348006820F00100401C0149086070476E
:1039D0000090024001460868C0F30D4070470000A7
:1039E0000349096860F3CB21014A11607047000068
:1039F000008002400349096860F38E31014A11607A
:103A000070470000008002400148006880687047ED
:103A1000040000200349096860F35341014A116022
:103A200070470000008002400349096860F38A2162
:103A3000014A116070470000008002400349096894
:103A400060F39651014A1160704700000080024007
:103A500000B585B001212648FDF742F8012006F0A7
:103A60006FFD0320FCF722FF082207210020FCF74E
:103A7000FBFE06F039FD00F0EDF9FFF7A1FF00BFF6
:103A8000FFF792FF0128FBD01A48FFF781FD0120C4
:103A900018490870084600F05CF810B9002005B01D
:103AA00000BD6846FFF75EFF01208DF809008DF824
:103AB0000B008DF810008DF800008DF801008DF8D6
:103AC00003008DF80A0020208DF802008DF8040014
:103AD00000208DF807006846FFF788FD01210E20C1
:103AE000FFF764FE01210620FFF760FE0120D6E704
:103AF0000E00440084DD01200179427941EA02226E
:103B00000A49096C62F30F01084A1164C178090679
:103B1000827841EA0241427841EA02210278114367
:103B2000024A526C014A5164704700000080024012
:103B30000349096860F30C31014A116070470000C5
:103B40000080024010B5002204213D2004F09AFFBD
:103B500010BD10B50446FFF795FC00F03FF808B91A
:103B6000002010BD2046FFF7EFFC0120F9E7000020
:103B700030B503460C4600211648006963F3CF2098
:103B8000144D28612846006964F38A10286128468C
:103B9000006920F0020028612846006920F0010039
:103BA000401C286100BF491C0A4840691080094830
:103BB000006900F0010010B107488142F3D30648C4
:103BC000814201D1002030BD0248406910800120AF
:103BD000F9E7000000800240FFFF0F0038B5002029
:103BE0000090002500244FF400420021084600F018
:103BF00029F808B9002038BD002400E0641C1048F2
:103C00008442FBD300BF6D1C6A4600210846FFF7C3
:103C1000AFFF08B90020EEE7BDF8000000F4004057
:103C200010B107488542EED3002400E0641C04482C
:103C30008442FBD3854201D10020DCE70120DAE792
:103C4000FFFF0F0030B503460C46002116484069BF
:103C500062F30F00144D68612846006963F3CF20BA
:103C600028612846006964F38A10286128460069A3
:103C700020F00200801C28612846006920F0010025
:103C8000401C286100BF491C0748006900F0010082
:103C900010B106488142F6D30448814201D1002088
:103CA00030BD0120FCE7000000800240FFFF0F0054
:103CB0001CB500200090019001214FF44010FCF74A
:103CC0000FFF01213D48FCF70BFF01213B48401C41
:103CD000FCF706FF01213948801CFCF701FF012198
:103CE0003648C01CFCF7FCFE01213448401DFCF79F
:103CF000F7FE0B220221324801F00FFC01208DF863
:103D0000070002208DF8060000208DF80400042032
:103D1000009000208DF805006946294801F0C0FB9D
:103D20000B220121274801F0F8FB02200090694690
:103D3000244801F0B5FB0B221146234801F0EDFBAE
:103D40000B220C21204801F0E8FB0B220D211E481C
:103D500001F0E3FB4FF46050009069461A4801F00F
:103D60009FFB0B220721164801F0D7FB8020009013
:103D700002208DF806006946114801F091FB0B22E4
:103D80000421104801F0C9FB0B2205210D4801F068
:103D9000C4FB3020009002208DF8060069460948D7
:103DA00001F07EFB0B220121054801F0B6FB022049
:103DB00000906946024801F073FB1CBD0100300011
:103DC0000000024000080240000402400349096864
:103DD00060F34D31014A11607047000000800240DD
:103DE00000B500220F480068006800F00040B0B93C
:103DF0000C480068006800F4004080B90948006879
:103E0000006800F4807050B106480068006800F453
:103E1000007020B103480068FFF7DCFD0246104641
:103E200000BD00000800002038B5044600200090C6
:103E30000748006864F38200054908600846006886
:103E400000900120FFF7BEFB01490098086038BDD3
:103E50000080024010B501210348FCF767FE0021F5
:103E60000148FCF763FE10BD190010000349096802
:103E700060F34921014A1160704700000080024050
:103E80003EB5044600250020009001900290234892
:103E90000068006800F0004090B100200090802091
:103EA000FFF77AFC38B18020FFF770FC1C4880686F
:103EB00000201B4988609DE8070084E807003EBD9C
:103EC00016480068008800F40040B0B91348006844
:103ED000008800F4807080B110480068008800F409
:103EE000007050B10D4800680068C0F30D40051F18
:103EF0000A4800688068019000E0002500950748A6
:103F00000068029005480068C068044908609DE8A0
:103F1000070084E8070000BFD1E700000800002088
:103F200000900240F8B507460D4616460020009066
:103F30000024012F7DD100BF641C6A4601210020AE
:103F4000FFF716FE08B90020F8BDBDF8000000F02C
:103F5000040010B946488442EED34548844201D15A
:103F60000020F1E700244FF4805200210846FFF7BB
:103F700069FE08B90020E7E74FF47A700BF086FB82
:103F800000BF641C6A4601210020FFF7F1FD08B95B
:103F90000020D9E7BDF8000000F0200010B9344837
:103FA0008442EED33248844201D10020CCE76A46F5
:103FB0001F210020FFF7DCFD08B90020C4E76A4696
:103FC0001F210020FFF7D4FD08B90020BCE7BDF891
:103FD000000000F01C00182805D10120FFF700FDAB
:103FE0000120FFF707FDBDF8000000F01C000828C5
:103FF00005D10020FFF7F4FC0120FFF7FBFCBDF822
:10400000000000F01C00142805D10120FFF7E8FC97
:104010000120FFF7EFFCBDF8000000F01C001428A1
:1040200024D10020FFF7DCFC0120FFF7E3FC1DE0BA
:10403000FFE7280240EA463082B200210846FFF737
:1040400001FE08B900207FE7012E03D10120FFF710
:10405000D1FC02E00020FFF7CDFC012D03D10120AF
:10406000FFF7BEFC02E00020FFF7BAFC01206BE77F
:10407000FFFF0F0010B5012000F03EF801210520E0
:10408000FFF70EFC0120FFF7CFFE01210420FFF710
:1040900007FC01210020FFF703FC10BD10B5002133
:1040A0000420FFF7FDFB00210846FFF7F9FB002085
:1040B000FFF7BAFE01210520FFF7F2FB002000F018
:1040C0001BF810BD10B5FFF73DFD01210948FCF7B5
:1040D00007FD01210748401CFCF702FD01210548AE
:1040E000801CFCF7FDFCFFF7E3FDFFF7B1FC044685
:1040F000204610BD1900300038B50446002000905D
:104100000748006864F3C300054908600846006872
:1041100000900120FFF756FA01490098086038BD69
:104120000080024008B50849096841F29412B1FBC9
:10413000F2F14143009100BF00BF00994A1E009276
:104140000029F9D108BD00000000002010B5044688
:1041500019480068006800F0004008B1002010BD58
:10416000C4F30C00144909684860134800680068EB
:1041700040F040501049096808600F480068006826
:1041800040F000400C49096808600420FFF704FB78
:1041900038B10420FFF7FAFA0848406800200749C0
:1041A00048600120FFF7BEFF03480068C06802496D
:1041B00008600120D3E700000400002000900240C6
:1041C0000349096860F3D751014A11607047000044
:1041D000008002402DE9FC4705468846164600BF90
:1041E0005DB965A340F2BB2269A16DA0FCF7FEF9A1
:1041F0000020002000BFBDE8FC8700BF70892A288E
:1042000010DA00BF00BF7048408C401C81B26E487D
:104210004184C08B401C81B26B48C183304605F09D
:10422000BFF9E8E7776807F10E042088B0F5807FD2
:1042300008D12079062805D16079042802D1608848
:10424000082810D000BF00BF5F48008D401C81B21D
:104250005D480185C08B401C81B25B48C1833046FC
:1042600005F09EF9C7E75848408B401C81B256487C
:104270004183D4F80E000190A0690090281D08B178
:10428000686810B94FF0000907E000986968884233
:1042900001D1012000E000208146B9F1000F01D0DA
:1042A000012000E00220034604F1080201A928468B
:1042B00000F0B4FEE088B0F5807F03D0B0F5007F59
:1042C0004BD143E000BF00BFB9F1000F35D000BFB4
:1042D00000BF022003F000FAE080D4F80E00A061D5
:1042E0006868C4F80E0000BF95F82A00062808D0B8
:1042F00000BF40F2113320A2344935A0FCF776F913
:1043000000BF00BFA068C4F81200A089E082A068C6
:104310003860A089B880D8F80000A060B8F8040020
:10432000A081D8F80000C7F80600B8F8040078812A
:1043300031462846AA69904707E0281D08B16868F9
:1043400008B900BF01E000BF00BF0FE000BF00BF21
:1043500001A92846FCF7E2FC08E000BF00BF1A48AC
:10436000808D401C81B21848818500BF00BF304657
:1043700005F016F900BF3EE74C5749505C73726375
:104380005C6E657469665C6574686172702E63004A
:104390006E6574696620213D204E554C4C0000002E
:1043A000417373657274696F6E20222573222066D3
:1043B00061696C6564206174206C696E6520256498
:1043C00020696E2025730A0070610120EC0C010841
:1043D000417373657274696F6E206661696C6564A0
:1043E0003A2025732C2066696C652025732C206C7F
:1043F000696E652025640A0070B50546002412E048
:1044000004EB8400094901EB8000867C4EB104EB8B
:10441000840001EB80008068A84202D1204600F0B1
:1044200077F9601CC4B20A2CEADB70BD7C63012002
:104430002DE9FE4F064688464FF00A09CA460A276C
:104440000024002002900190BB46009000BF71E064
:1044500004EB8400774901EB8000857C0A2F04D1AE
:104460001DB900BF00BF67B262E0002D60D000BF81
:10447000012D0AD0022D08DA00BF40F22B136EA2E4
:1044800073A183A0FCF7B2F800BF00BF6EB104EBCC
:104490008401684A02EB810130684968884204D18E
:1044A00000BF00BF60B2BDE8FE8F012D2AD104EB32
:1044B0008400604951F8200088B104EB840001EBCE
:1044C0008000C17C0098814232DB4FFA84FB04EB10
:1044D0008400584901EB8000C07C009028E004EB88
:1044E0008400544901EB8000C17C029881421FDBAB
:1044F0004FFA84F904EB84004E4901EB8000C07C44
:10450000029015E0022D13DB042D11DA04EB840078
:10451000484901EB8000C17C0198814208DB4FFAD9
:1045200084FA04EB8400434901EB8000C07C0190D5
:10453000601CC4B20A2C8BDB08F0020020B90A2FE1
:1045400007D108F0010020B900BF00BF4FF0FF30D5
:10455000A9E70A2F02DAFCB200BF3AE0BAF10A0F6B
:1045600014DA0AF0FF0400BF00BF00BF04EB8400B0
:10457000304951F8200040B100BF40F271132EA223
:104580004DA143A0FCF732F800BF12E0B9F10A0FC9
:1045900003DA09F0FF0400BF0BE0BBF10A0F03DAF6
:1045A0000BF0FF0400BF04E000BF00BF4FF0FF307E
:1045B00079E700BF0A2C08DB00BF40F283131EA27C
:1045C00043A133A0FCF712F800BF00BF204600F063
:1045D0009FF800BF0A2C08DB00BF40F2871316A229
:1045E0003BA12BA0FCF702F800BF00BF00BF04EB0B
:1045F0008400104901EB8000807C40B100BF4FF483
:10460000C4730DA237A122A0FBF7F0FF00BF00BFCB
:1046100036B104EB8401074A02EB8101306848603F
:10462000002004EB8401034A02EB8101C87460B2EC
:1046300039E700007C6301204C5749505C7372637A
:104640005C6E657469665C6574686172702E630087
:104650007374617465203D3D204554484152505F5C
:1046600053544154455F50454E44494E47207C7C4D
:10467000207374617465203E3D204554484152507A
:104680005F53544154455F535441424C4500000030
:10469000417373657274696F6E206661696C6564DD
:1046A0003A2025732C2066696C652025732C206CBC
:1046B000696E652025640A006172705F7461626CC6
:1046C000655B695D2E71203D3D204E554C4C0000D0
:1046D00069203C204152505F5441424C455F534950
:1046E0005A4500006172705F7461626C655B695D60
:1046F0002E7374617465203D3D20455448415250ED
:104700005F53544154455F454D50545900000000DB
:1047100010B5044604EB8400194951F8200070B12B
:1047200000BF00BF04EB8401154A52F8210004F0D9
:1047300037FF002004EB8401114A42F821000020D9
:1047400004EB84010E4A02EB8101887404EB8401BE
:1047500002EB8101C87404EB840102EB81018860E3
:1047600004EB840102EB8101486004EB84001146F4
:1047700001EB800003490A68C2608988018210BD8C
:104780007C630120DE0A01082DE9FC4704460F4640
:104790001546A94600BF44B900BF40F275335EA27A
:1047A00063A167A0FBF722FF00BF00BF00BF47B9AE
:1047B00000BF40F2763358A26BA161A0FBF716FF51
:1047C00000BF00BF00BF45B900BF40F2773352A21F
:1047D00068A15BA0FBF70AFF00BF00BF0E213846AF
:1047E00004F0DCFF50B100BF00BF66484089401CA8
:1047F000644948816FF00100BDE8FC8721462868C4
:1048000001F013FC10B1DFF880817DE0287800F022
:10481000F000E02815D101208DF8000000208DF86F
:1048200001005E208DF80200687800F07F008DF8AE
:104830000300A8788DF80400E8788DF80500E846B4
:1048400061E02868A1680840D4E90112114088425B
:1048500010D0288880B24FF6A96188420AD004F1AE
:104860000C0020B1E06810B104F10C0902E06FF017
:104870000300C1E74548007800EB8000444901EBA4
:104880008000807C022818DB4049097801EB810117
:104890003F4A02EB8101D9F80000496888420CD1F7
:1048A0003848C08D401C81B23648C18537480278EF
:1048B0003946204600F06EF89EE700261BE006EB26
:1048C0008600334901EB8000807C022811DB06EB77
:1048D00086012F4A02EB8101D9F80000496888421D
:1048E00007D12A490E70F2B23946204600F052F83C
:1048F00082E7701C46B20A2EE1DB3A464946204662
:1049000000F0C8F878E700BF434604F12B023946AF
:10491000204600F0E9FA6FE74C5749505C73726328
:104920005C6E657469665C6574686172702E6300A4
:104930006E6574696620213D204E554C4C00000088
:10494000417373657274696F6E206661696C65642A
:104950003A2025732C2066696C652025732C206C09
:10496000696E652025640A007120213D204E554C5A
:104970004C00000069706164647220213D204E5536
:104980004C4C000070610120D80A01089001002001
:104990007C63012070B505460E46144600BF04EB4B
:1049A00084001F4901EB8000807C022808DA00BFE8
:1049B0004FF453731BA221A12CA0FBF717FE00BFDD
:1049C00000BF04EB8400164901EB8000807C0228C4
:1049D00017D104EB840001EB8000C07CE42810DBDD
:1049E00004EB84000A4602EB8000011D284600F01B
:1049F00063FA30B9032004EB8401094A02EB810118
:104A0000887404EB8400064901EB800000F10C037C
:104A100005F12B023146284600F066FA70BD000011
:104A20007C6301204C5749505C7372635C6E657403
:104A300069665C6574686172702E63006172705F94
:104A40007461626C655B6172705F6964785D2E731E
:104A500074617465203E3D204554484152505F5377
:104A6000544154455F535441424C45004173736572
:104A70007274696F6E206661696C65643A20257393
:104A80002C2066696C652025732C206C696E65206E
:104A900025640A002DE9F05F80460F46164608F1AE
:104AA0002B094FF0FF3A4146386801F0BEFA38B999
:104AB000387800F0F000E02802D00FB1386828B94B
:104AC00000BF00BF6FF00D00BDE8F09F0121384628
:104AD000FFF7AEFC0446002C0CDA00BF00BF3EB16D
:104AE00000BF00BF6448808C401C81B26248818452
:104AF0002046E9E704EB8400604901EB8000807CFC
:104B000030B9012004EB84015C4A02EB8101887416
:104B100000BF04EB8400594901EB8000807C012830
:104B20000FD004EB840001EB8000807C022808DABF
:104B300000BF40F2194352A257A161A0FBF756FDF6
:104B400000BF00BF04EB84004C4901EB8000807C77
:104B5000012800D03EB93946404600F0ADF9824602
:104B60000EB95046B0E700BF46B900BF40F22D4332
:104B700043A25DA152A0FBF739FD00BF00BF04EBCB
:104B800084003E4901EB8000807C02280FDB5949FC
:104B90000C7004EB8400394901EB800000F10C0338
:104BA0004A463146404600F09FF9824662E004EBF7
:104BB0008400324901EB8000807C01285AD14FF0FB
:104BC000000B354617E000BF6889298988420AD161
:104BD000286840B100BF40F23E4329A246A138A058
:104BE000FBF704FD00BF00BF287B012802D04FF077
:104BF000010B02E02D68002DE5D100BFBBF1000FD5
:104C000010D029890022032003F0B4FF05466DB1BE
:104C10003146284604F0FAFA40B1284604F0C0FCB8
:104C2000002503E03546284604F06EFFBDB104EBD5
:104C30008400124951F8200040B100BF00BF04EBCE
:104C400084010E4A52F8210004F0AAFC04EB84000F
:104C50000A4941F820504FF0000A00BF09E0064819
:104C6000808C401C81B20448818400BF00BF4FF09B
:104C7000FF3A00BF504627E7706101207C630120A6
:104C80004C5749505C7372635C6E657469665C6511
:104C900074686172702E63006172705F7461626C1F
:104CA000655B695D2E7374617465203D3D205045E0
:104CB0004E44494E47206F7220535441424C4500A8
:104CC000417373657274696F6E206661696C6564A7
:104CD0003A2025732C2066696C652025732C206C86
:104CE000696E652025640A007120213D204E554CD7
:104CF0004C000000900100206E6F207061636B65B6
:104D0000742071756575657320616C6C6F7765646F
:104D1000210000002DE9F84F0746884691469A4643
:104D2000DDF828B00020009000BF47B900BF40F276
:104D3000A5433EA243A147A0FBF758FC00BF00BF1C
:104D400000222A21032003F015FF05465DB900BFAC
:104D500000BF4A48808C401C81B2484881844FF093
:104D6000FF30BDE8F88F00BF68892A2808DA00BF45
:104D70004FF496632DA242A136A0FBF737FC00BF8B
:104D800000BF6E6806F10E0400BF00BF0D9802F070
:104D9000A3FCE08000BF97F82A00062808D000BFD7
:104DA0004FF4976321A243492AA0FBF71FFC00BFE1
:104DB00000BFDAF80000A060BAF80400A0810B98E8
:104DC0000168C4F812108088E082D9F800003060D1
:104DD000B9F80400B080D8F80000C6F80600B8F8AA
:104DE00004007081DBF80000C4F80E000C98006825
:104DF000A0614FF480702080082060800620207120
:104E0000042060714FF4C160B08129463846BA6908
:104E1000904700901948008B401C18490883284689
:104E200004F0BEFB002500989BE700004C5749505A
:104E30005C7372635C6E657469665C6574686172EC
:104E4000702E63006E6574696620213D204E554CBE
:104E50004C000000417373657274696F6E20666167
:104E6000696C65643A2025732C2066696C65202581
:104E7000732C206C696E652025640A007061012026
:104E8000636865636B20746861742066697273740B
:104E900020706275662063616E20686F6C64207399
:104EA0007472756374206574686172705F6864728F
:104EB00000000000EC0C01087FB504460D4600BF61
:104EC00000BF0121064A201D04F12B038DE82500B7
:104ED0000391044A19462046FFF71CFF04B070BD39
:104EE000DE0A0108D80A01082DE9F04104460E4601
:104EF00017469846756800BF94F82A00062808D01F
:104F000000BF40F2A3130EA2134914A0FBF76EFBDF
:104F100000BF00BFD8F800002860B8F80400A880DF
:104F20003868C5F80600B88868810820A88100BFE5
:104F300000BF31462046A2699047BDE8F0810000DD
:104F40004C5749505C7372635C6E657469665C654E
:104F500074686172702E6300EC0C01084173736514
:104F60007274696F6E206661696C65643A2025739E
:104F70002C2066696C652025732C206C696E652079
:104F800025640A0070B500BF00BF002441E004EBB7
:104F90008400214901EB8000857C45B3042D36D087
:104FA00004EB840001EB8000C07C401C04EB840116
:104FB000194A02EB8101C87404EB8400114601EB2D
:104FC0008000C07CF0280DDA04EB840001EB800047
:104FD000807C01280CD104EB840001EB8000C07CB4
:104FE000022805DB00BF00BF2046FFF791FB0EE063
:104FF00004EB8400084901EB8000807C032806D183
:10500000022004EB8401044A02EB81018874601CD5
:10501000C4B20A2CBBDB70BD7C6301202DE9F047D4
:1050200006460D461746984600BF96F82A00062801
:1050300008D000BF40F2C31334A23AA143A0FBF74B
:10504000D5FA00BF00BF00BF00BF5DB1286848B1FE
:105050003146286800F0E9FF20B9287800F0F00018
:10506000E02805D100BF00BF6FF00D00BDE8F0875C
:1050700041462846FFF7DCF90446002C01DA2046B9
:10508000F4E708F0040038B1042004EB8401394A45
:1050900002EB8101887406E0022004EB8401354AAA
:1050A00002EB8101887404EB8400324901EB80003B
:1050B000866000BF00BF04EB840001EB800039680C
:1050C000C160B9880182002004EB8401294A02EB07
:1050D0008101C87404EB8400114651F8200098B196
:1050E00004EB840051F82090002004EB840142F886
:1050F00021003B4606F12B0249463046FFF7F4FEFD
:10510000484604F04DFA00BF0020AFE74C57495025
:105110005C7372635C6E657469665C657468617209
:10512000702E63006E657469662D3E6877616464F5
:10513000725F6C656E203D3D204554484152505F82
:105140004857414444525F4C454E000041737365DB
:105150007274696F6E206661696C65643A202573AC
:105160002C2066696C652025732C206C696E652087
:1051700025640A007C6301202DE9F04104460E46B7
:105180004FF00E0860890E280BDC3848008D401C5B
:1051900081B236480185C08B401C81B23348C1833F
:1051A0005FE0656800BF00BFAF89287800F00100AC
:1051B000B0B12878012809D1687888B9A8785E2824
:1051C0000ED1607B40F01000607309E00622284990
:1051D0002846FBF716F918B9607B40F008006073A9
:1051E000082F03D0B7F5C16F2BD11DE096F8310021
:1051F00000F0200000B934E0C8F1000001B2204600
:1052000004F0CCFA58B100BF00BF40F24F5319A2CE
:105210001EA127A0FBF7EAF900BF00BF21E031463D
:10522000204601F08BF818E096F8310000F02000DD
:1052300000B916E0224606F12B013046FEF7CAFF00
:105240000BE00A48008D401C81B208480185C08BE4
:10525000401C81B20548C18303E000BF0020BDE8C7
:10526000F081204604F09CF90020F8E770610120ED
:10527000D80A01084C5749505C7372635C6E6574C0
:1052800069665C6574686172702E630043616E27A5
:1052900074206D6F7665206F766572206865616435
:1052A000657220696E207061636B65740000000098
:1052B000417373657274696F6E206661696C6564B1
:1052C0003A2025732C2066696C652025732C206C90
:1052D000696E652025640A0070B5044600BF44B9B4
:1052E00000BF40F2471312A217A11BA0FBF77EF9E3
:1052F00000BF00BF082002F0E1FC054625B900BF51
:1053000000BF4FF0FF3070BD2562612084F832008D
:105310007421332001551A4860611A48A06104F1D4
:105320002B002860204602F017F90020EBE7000070
:105330004C5749505C706F72745C65746865726E2E
:10534000657469662E6300006E6574696620213D90
:10535000204E554C4C000000417373657274696FA8
:105360006E206661696C65643A2025732C2066693D
:105370006C652025732C206C696E652025640A00FD
:10538000894700088576000870B50546284602F072
:105390003BF9064616B94FF0FF3070BD294630463E
:1053A000FFF7EAFE04462CB100BF00BF304604F010
:1053B000F7F800262046F0E710B5044694F83100CF
:1053C000C0F3001030B1204603F00AFB2046FDF781
:1053D0001FF902E0204603F053FA10BD05460026EF
:1053E0002C4600BF02F0A8F8064694F83100C0F33E
:1053F000001020B91EB1204603F0BAFA08E094F874
:105400003100C0F3001018B116B9204603F09BFA22
:10541000C8200AF03BF9E5E710B5044694F83100DE
:10542000C0F3001060B1094B5A7A99791878FEF7E9
:1054300079FD4FF496700AF029F9FEF71BFE01E0A2
:10544000FEF72CFE2046FFF7B7FF10BD84DD0120DC
:1054500070B504460D4600BF8021094809F07DFF64
:105460000028F9D0A1B2064809F06EFF00BF402124
:10547000034809F072FF0028F9D0204670BD0000F3
:105480000044004081627047816170474FF6FF71B0
:10549000016000218171017141710121C171704769
:1054A00070B50A4600211488A3B233E003F001046A
:1054B0006CB304684E000325B540AC430460947996
:1054C0004D00AC4005682C430460446801258D40C4
:1054D000AC434460446815798D402C434460846833
:1054E0004E000325B540AC438460D4794D00AC40F8
:1054F00085682C438460C4684E000325B540AC43E6
:10550000C46054794D00AC40C5682C43C4605B1046
:105510004C1CA1B2002BC9DC70BDF0B500230024E7
:105520004D07ED0E02FA05F3CD105DB1456A4E0749
:10553000F70E0F26BE40B5434562456A45EA0304AF
:1055400044620AE0056A4E07F70E0F26BE40B543D7
:105550000562056A45EA03040462F0BD70B50546BC
:105560000C4622460321284600F0D4F970BD000005
:105570002DE9FE4F044689469748B0F86200401C6A
:1055800081B29548A0F86210666830780007870EEF
:105590007942204604F002F910B92089042802D289
:1055A00000BF00BFFEE0606890F800A0606890F85F
:1055B00001B0BAF1000F03D0BAF1080F73D100E0C7
:1055C000EBE001258548007800F0F000E02800D1EC
:1055D000002582490868494600F027FD00B10025F2
:1055E00075B900BF00BF7C48B0F87400401C81B2A0
:1055F0007948A0F87410204603F0D2FFBDE8FE8F72
:1056000000BF00BF2089082802D200BF00BFC9E048
:10561000204600F0DFFC68B100BF00BF204603F069
:10562000BFFF6D48B0F86800401C81B26A48A0F81E
:105630006810E3E72221204604F0B0F8002851D09A
:105640003946204604F0AAF850B100BF00BF9823A5
:1056500063A26AA176A0FAF7C9FF00BF00BFADE060
:1056600021890022022003F085FA054615B900BF02
:1056700000BFA3E000BF698907F10800814207D29B
:1056800000BFA12356A274A169A0FAF7AFFF00BF23
:1056900000BF2146284603F0B9FD60B100BF00BF3E
:1056A000A5234FA200E066E079A161A0FAF79EFF72
:1056B00000BF00BF82E06E68784201B2284604F065
:1056C0006DF850B100BF00BFAB2345A27AA158A02E
:1056D000FAF78CFF00BF00BF70E0204603F060FFC8
:1056E0002C4610E06FF02101204604F057F850B12D
:1056F00000BF00BFB5233AA26FA14DA0FAF776FF15
:1057000000BF00BF5AE0D4F8048034480068F0605D
:10571000764800683061002088F80000A8F8020090
:10572000FF203072002070812B48B0F86000401CD0
:105730002949A1F860003946204604F02FF848B105
:1057400000BF00BFDA2326A269A139A0FAF74EFFF5
:1057500000BF0FE001200021FF230A46CDE9010927
:1057600000911E49204600F09DFF05460DB100BF87
:1057700000BF00BF11E000BF00BF1748B0F87000C5
:10578000401C81B21448A0F87010B0F86600401CAC
:1057900081B21148A0F8661000BF00BF204603F098
:1057A000FFFE2BE7204603F0FBFE0B48B0F86A0033
:1057B000401C81B20848A0F86A101FE7204603F099
:1057C000EFFE0548B0F87400401C81B20248A0F812
:1057D000741000BF12E70000706101207801002002
:1057E0004C5749505C7372635C636F72655C69709F
:1057F00076345C69636D702E6300000069636D70C0
:105800005F696E7075743A206D6F76696E6720708F
:105810002D3E7061796C6F616420746F2069702017
:10582000686561646572206661696C65640A000080
:10583000417373657274696F6E206661696C65642B
:105840003A2025732C2066696C652025732C206C0A
:10585000696E652025640A00636865636B2074685F
:10586000617420666972737420706275662063616A
:105870006E20686F6C642073747275637420746832
:10588000652049434D5020686561646572000000E1
:1058900069636D705F696E7075743A20636F7079BB
:1058A000696E6720746F206E657720706275662060
:1058B0006661696C65640A0069636D705F696E702A
:1058C00075743A20726573746F72696E67206F72B7
:1058D0006967696E616C20702D3E7061796C6F61D3
:1058E00064206661696C65640A0000007401002030
:1058F00043616E2774206D6F7665206F7665722028
:1059000068656164657220696E207061636B65749F
:10591000000000002DE9FE4306460F469046002297
:105920002421012003F026F905461DB900BF00BF60
:10593000BDE8FE8300BF6889242808D200BF4FF469
:10594000997320A226A131A0FAF750FE00BF00BF34
:10595000D6F8049000BF00BF00BF00BF00BF00BF6B
:1059600000BF00BF00BF00BF6C68277084F80180D3
:105970000020A080E08071686A6802F108001C22A3
:10598000FAF706FD002060806989204600F018FBC8
:1059900060802848B0F86000401C2649A1F86000EB
:1059A000D9F80C00029001200021FF2302AACDE9C2
:1059B0000010284600F01CFE284603F0F1FD00BF51
:1059C000B6E700004C5749505C7372635C636F72BA
:1059D000655C697076345C69636D702E63000000ED
:1059E000636865636B2074686174206669727374A0
:1059F00020706275662063616E20686F6C64206938
:105A0000636D70206D6573736167650041737365C5
:105A10007274696F6E206661696C65643A202573E3
:105A20002C2066696C652025732C206C696E6520BE
:105A300025640A007061012070B505460C462246B7
:105A40000B212846FFF766FF70BD70B504460D4672
:105A5000607B022807D0607B01280AD1E08910B161
:105A6000E089A84205DD2946204600F053FA0120CE
:105A7000607370BD00BF00BF03480449086004485C
:105A80000449086070470000E00000016001002048
:105A9000E0000002640100202DE9F84F0746894626
:105AA00090467A48B0F87A00401C81B27748A0F856
:105AB0007A10D7F804A09AF800000007800E41423F
:105AC000384603F06BFE10B9788908280EDA38469C
:105AD00003F066FD6D48B0F88000401C81B26B4851
:105AE000A0F8801000BF00BFBDE8F88F00BF00BF66
:105AF00000BF00BF00BF00BF00BF00BF00BF00BFAE
:105B00007C687989204600F05BFA68B1384603F07A
:105B100047FD5E48B0F87E00401C81B25B48A0F8AB
:105B20007E1000BF00BFDFE74146484600F0DCF8CA
:105B300005466DB9384603F033FD5448B0F87C0093
:105B4000401C81B25148A0F87C1000BF00BFCBE7D9
:105B50002078112802D0162868D171E04C49D8F875
:105B60000000096888422FD1201D08B1606858BB29
:105B700000BF00BF607860B94448B0F88600401CA0
:105B800081B24248A0F8861000BF00BF0A206070B2
:105B900007E03E48B0F88A00401C81B23B48A0F8BC
:105BA0008A103C4806680CE07068484508D13849BE
:105BB000B0680968884203D061783046FFF745FF36
:105BC0003668002EF0D13AE0201D70B3606860B3F3
:105BD00000BF00BF00BF00BF2D49D8F80000096812
:105BE000884209D100BF00BF6068009069464846FE
:105BF00000F07AF8054601E000BF00BF65B1234818
:105C0000B0F88800401C81B22048A0F88810617864
:105C10002846FFF71AFF12E01C48B0F87C00401C31
:105C200081B21A48A0F87C1009E000E01CE0174897
:105C3000B0F88400401C81B21448A0F884101EE023
:105C400000BF00BF1148B0F88C00401C81B20F4863
:105C5000A0F88C10687B012805D10020E881022083
:105C60006873002028730AE000BF00BF0748B0F83F
:105C70008400401C81B20548A0F8841000BF00BF1A
:105C8000384603F08DFC00BF2EE700007061012054
:105C9000600100205C010020F0B587B005460E468B
:105CA00017461C4640F29440ADF818000020ADF8AD
:105CB0001A000C48B0F87800401C0A49A1F8780096
:105CC000042006A90222CDE90124CDE90310002019
:105CD00001233A4631460090284600F0FDFC07B00B
:105CE000F0BD00007061012010B502460B46084867
:105CF000016809E04868904205D188681C68A042A4
:105D000001D1084610BD09680029F3D10020F9E748
:105D10005C01002070B506460D461348046829460C
:105D20003046FFF7E1FF04460CB1204670BD0B2062
:105D300002F0EEFA04467CB166600DB9002000E086
:105D40002868A0600020E0816073207320740648FA
:105D5000006820600448046000BF00BF00BF00BFAF
:105D600000BF00BF2046E1E75C01002070B505469A
:105D70000748046800BF00BF07E06068A84203D17D
:105D800005212046FFF761FE2468002CF5D170BD87
:105D90005C0100202DE9F84304460E46002700254B
:105DA000274800680090A84600220821104602F00B
:105DB000E1FE0746002F37D07D6800BF78890828AC
:105DC00008D200BF40F206331EA225A133A0FAF785
:105DD0000DFC00BF00BF606840680090162E06D121
:105DE00004F10808A06868600120207305E0172E00
:105DF00003D1DFF8D080A0686860162E01D0172E7E
:105E00000ED12E700020687068800821284600F0AE
:105E1000D7F868804246694638466368FFF73CFF1A
:105E2000384603F0BDFB09E000BF00BF2648B0F8CC
:105E30008200401C81B22448A0F88210BDE8F8839B
:105E4000D00A01084C5749505C7372635C636F72EF
:105E5000655C697076345C69676D702E6300000064
:105E600069676D705F73656E643A20636865636B24
:105E7000207468617420666972737420706275663C
:105E80002063616E20686F6C642073747275637434
:105E90002069676D705F6D73670000004173736503
:105EA0007274696F6E206661696C65643A2025734F
:105EB0002C2066696C652025732C206C696E65202A
:105EC00025640A00640100207061012070B5054658
:105ED00000BF00BF0E492846FFF71CFF04469CB1D7
:105EE00002206073207C401C2074A86B50B100BF5E
:105EF00000BF00BF00BF00BF00BF01220449284609
:105F0000AB6B9847002070BD4FF0FF30FBE70000FF
:105F10006001002070B505460C4604B90124FAF76B
:105F200025FA611EB0FBF1F201FB1200401CE88172
:105F300070BD000010B50446607B012811D100BF80
:105F400000BF00BF00BF00BF00BF0648B0F892000E
:105F5000401C81B20348A0F8921016212046FFF79A
:105F600019FF10BD7061012010B5044600BF00BFCD
:105F700000F008F800220249642004F07FFC10BD04
:105F8000695F000810B5094804680BE0E089002843
:105F900007DDE089401EE081E08910B92046FFF767
:105FA000C9FF2468002CF1D110BD00005C01002065
:105FB00000BFEFF3058008B1012070470020FCE727
:105FC00070B504460D462946204601F084FCC043C6
:105FD00080B270BD2DE9F041064600240027354609
:105FE00017E06989686801F076FC0444A0B200EB10
:105FF0001444688900EBD0714910A0EB410139B11C
:10600000C7F10100C7B2E0B2C4F3072141EA00249E
:106010002D68002DE5D127B1E0B2C4F3072141EA94
:106020000024E04380B2BDE8F08118B5024600923A
:10603000D04300B10AB9012018BD91F8310000F039
:10604000020008B90020F7E74868904201D100201B
:10605000F2E700988B681840D1E901342340984258
:1060600008D1886822EA00008C68E343984201D195
:106070000120E1E70020DFE72DE9F74F8CB004466F
:106080008946B9F828000890142004904FF00008C1
:1060900060680B900B9EF08801F042FB0390039820
:1060A000C0F30C000790039800F40050069020897C
:1060B000143880B209900899A1F11400C11700EBBF
:1060C0005171C1F3CF010A91B5E0089814380999CC
:1060D000884201DB012000E0002005900798C0F312
:1060E0000C00069908430390059818B9039840F4EA
:1060F00000500390059808B1099801E00A98C00083
:106100001FFA80FB00221421022002F033FD054615
:1061100025B94FF0FF300FB0BDE8F08F00BF6089A8
:10612000142808DA00BF40F2FB2346A24DA155A077
:10613000FAF75CFA00BF00BF142268680B99FAF7FF
:1061400027F96E6861680498084460606189049862
:10615000081A6081CDF808B03FE061890298814259
:1061600001DD029800E060898046B8F1000F01D19E
:10617000246832E000F09EF807462FB9284603F065
:106180000FFA4FF0FF30C6E760683B4602224146F7
:10619000CDE90008032002F0F7FE8246BAF1000FB5
:1061A00008D1384600F08CF8284603F0F9F94FF092
:1061B000FF30B0E7204603F0A7FC7C613B48386124
:1061C0005146284602F05CFF0298A0EB080080B21E
:1061D0000290029800B1246800BF02980028BCD148
:1061E000CDF81080039801F077FAF0800BF11401DC
:1061F00088B201F071FA708000207081142130465D
:10620000FFF7DEFE7081D9F81430294648460E9A11
:1062100098472748008E401C25490886284603F0E9
:10622000BFF90998A0EB0B0080B209900A99079872
:10623000084480B20790099800287FF446AF00BF59
:1062400069E700004C5749505C7372635C636F727E
:10625000655C697076345C69705F667261672E6335
:106260000000000074686973206E656564732061C6
:10627000207062756620696E206F6E65207069659A
:1062800063652100417373657274696F6E20666186
:10629000696C65643A2025732C2066696C6520253D
:1062A000732C206C696E652025640A008D740008CB
:1062B0007061012010B5062002F02AF810BD000020
:1062C00010B5044600BF44B900BF40F2792306A2CE
:1062D0000DA110A0FAF78AF900BF00BF21460620E1
:1062E00001F06AFF10BD00004C5749505C737263A7
:1062F0005C636F72655C697076345C69705F66724E
:1063000061672E63000000007020213D204E554C37
:106310004C000000417373657274696F6E20666192
:10632000696C65643A2025732C2066696C652025AC
:10633000732C206C696E652025640A002DE9F05FDE
:1063400006460F464FF0010AA348B0F84A00401C29
:1063500081B2A148A0F84A10756828780421B1EBF1
:10636000201F16D000BF00BF304603F019F99A482D
:10637000B0F85C00401C81B29748A0F85C10B0F8FF
:106380004E00401C81B29448A0F84E100020BDE899
:10639000F09F287800F00F084FF6FF7000EA880899
:1063A000688801F0BDF981467089404502DB30897B
:1063B00048451DDA7089404501DA00BF00BF3089C9
:1063C000484501DA00BF00BF304603F0E9F88248D3
:1063D000B0F85200401C81B27F48A0F85210B0F8CB
:1063E0004E00401C81B27C48A0F84E100020CEE741
:1063F0004946304603F0AEFA286978490860E868F3
:10640000774908607548007800F0F000E0280DD169
:1064100097F8310000F0800030B170493846FFF73E
:1064200063FC08B13C462EE000242CE04FF0010B49
:106430003C4600BF00BF00BF94F8310000F00100EF
:1064400088B1201D78B1606868B1644800686168EF
:10645000884205D0614908682146FFF7E6FD10B182
:1064600000BF00BF0DE0BBF1000F04D04FF0000BE8
:106470005C48046800E02468BC4200D12468002C19
:10648000D8D100BF00BF84B9687A11280DD105EBBF
:10649000080000BF00BF4188B1F5884F04D100BF9C
:1064A00000BF3C464FF0000A00BFBAF1000F1DD0FC
:1064B0004B480068D0B14A4908683946FFF7B5FD36
:1064C00028B94748007800F0F000E0280ED100BF5E
:1064D00000BF304603F064F83F48B0F84E00401C5F
:1064E00081B23D48A0F84E10002050E734B900BFFB
:1064F00000BF304603F054F8002048E7E8884FF624
:106500003F71084048B100BF00BF304600F0FAF9C3
:1065100006460EB900203AE7756800BF00BF00BF0D
:1065200000BF31480760314805603946304603F006
:10653000A1FFE0BB687A01280FD0022812D00628FC
:1065400006D0112814D13946304608F027FC37E030
:106550003946304605F004F832E039463046FFF758
:1065600007F82DE01D4A39463046FFF795FA27E037
:106570001A4908683946FFF758FD50B9174800789E
:1065800000F0F000E02804D0756002213046FEF7EC
:10659000E5FF304603F004F800BF00BF0E48B0F836
:1065A0005800401C81B20C48A0F8581000E008E0E8
:1065B000B0F84E00401C81B20748A0F84E1000BF52
:1065C00000BF0020084908600849086004490860C5
:1065D0000249086000BFDAE67061012078010020FE
:1065E00074010020D40000206C0100207001002004
:1065F0002DE9FE4F05460F4616469846DDE90C9AF2
:1066000000BFE889012808D000BF40F2393311A249
:1066100016A119A0F9F7EAFF00BF00BF304600F04D
:10662000B5FD041E0CD100BF00BF1D48B0F85600D8
:10663000401C81B21A48A0F85610201FBDE8FE8FFA
:106640004346324639462846CDE9009A029400F086
:1066500029F8F3E74C5749505C7372635C636F72BF
:10666000655C697076345C69702E6300702D3E72D3
:106670006566203D3D203100417373657274696F1A
:106680006E206661696C65643A2025732C2066690A
:106690006C652025732C206C696E652025640A00CA
:1066A000706101202DE9F04786B004460D4616467C
:1066B0001F46DDE90F9ADDF838800020CDE902A001
:1066C0003B4632462946CDE900890490204600F039
:1066D00003F806B0BDE8F0872DE9FF4F81B005460D
:1066E00088469146129F109E00BFE889012808D075
:1066F00000BF4FF4277362A267A16AA0F9F776FF83
:1067000000BF00BFB9F1000F7CD04FF0140A4FF06A
:10671000000B57B3F81C20F003001FFA80FB0AEBB4
:106720000B001FFA80FA0FFA8BF1284603F036F8B7
:1067300070B100BF00BF6548B0F85C00401C81B27A
:106740006248A0F85C106FF0010005B0BDE8F08F62
:106750003A4668681199F9F71BFE5F4505DAABEB1D
:1067600007016A68D019F9F72CFE1421284603F0B6
:1067700015F860B100BF00BF5448B0F85C00401C81
:1067800081B25248A0F85C106FF00100DDE76C6840
:1067900000BF6889142808D200BF40F2C92338A27C
:1067A0004BA140A0F9F722FF00BF00BF0498207260
:1067B0000F986072D9F80000206150464FEAEA71E4
:1067C0000AEB9171C1F3870141F0400121700E98ED
:1067D0006070288900F080FF60800020E0804848D9
:1067E000008800F079FFA08045480088401C44499B
:1067F0000880B8F1000F02D0D8F8000018B970680E
:10680000E06003E005E0D8F80000E060002060816F
:1068100003E06C6820690090E9462C48B0F8480015
:10682000401C2A49A1F8480000BF00BFD9F8000069
:106830007168884207D100BF00BF4A4629463046EA
:1068400001F0C2FE81E7687B00F0040020B14A46F7
:106850002946304601F0B8FE308D48B12889318D87
:10686000884205DD4A4631462846FFF705FC6CE7BD
:1068700000BF00BF4A46294630467369984764E71F
:106880004C5749505C7372635C636F72655C6970EE
:1068900076345C69702E6300702D3E726566203D13
:1068A0003D203100417373657274696F6E206661BB
:1068B000696C65643A2025732C2066696C65202517
:1068C000732C206C696E652025640A0070610120BC
:1068D000636865636B2074686174206669727374A1
:1068E00020706275662063616E20686F6C6420732F
:1068F00074727563742069705F68647200000000D0
:106900007C0100202DE9F84F80460020009075485A
:10691000408E401C81B273484186D8F804502878D4
:1069200000F00F001421B1EB800F0AD000BF00BFB0
:106930006C48B0F84400401C81B26A48A0F844108A
:10694000C2E0E88800F0ECFEC0F30C004FF6FF71E7
:1069500001EAC00A688800F0E3FE297801F00F011F
:10696000A0EB81001FFA80FB404602F046FC064681
:106970005D48018888190A2812DD3146284600F052
:1069800099FB20B15848008830440A2808DD00BF30
:1069900000BF5448808F401C81B25248818793E0E9
:1069A000524804681CE06069E968884209D1A0691E
:1069B0002969884205D1A089A988884201D101208E
:1069C00000E0002050B100BF00BF4648B0F84600CC
:1069D000401C81B24348A0F8461003E000942468AC
:1069E000002CE0D100BF34B93146284600F050FAFF
:1069F000044694B968E0E88800F092FEC0F30C0009
:106A000058B9E08900F08CFEC0F30C0028B11422C4
:106A1000294604F10800F9F7BBFC334800883044EC
:106A200031490880A87900F0200040B9A07F40F0EB
:106A30000100A0770AEB0B00A08300BF00BF414616
:106A4000204600F055F8D0B3A08B1430A0836068C6
:106A50004068076860684568142204F10801284608
:106A6000F9F796FCA08B00F037FE68800020E880E4
:106A7000688114212846FFF7A3FA6881D4F80480BE
:106A80000CE0D7F804906FF01301384602F086FE50
:106A90003946404602F0F4FAD9F80070002FF0D1E0
:106AA0002046009900F0A2F9404602F0A6FB0E49EC
:106AB0000988081A0C4908804046BDE8F88FFFE7AE
:106AC00000BF00BF0020F8E700BF00BF0548C08E30
:106AD000401C81B20348C186404602F061FD00209F
:106AE000EBE7000070610120880100208401002094
:106AF0002DE9FC5F06460F4600254FF0010BD7F845
:106B000004A0BAF8020000F00BFE9AF8001001F0A1
:106B10000F01A0EB810080B20090BAF8060000F0EF
:106B2000FFFDC0F30C004FF6FF7101EAC0000190B9
:106B300000BF00BF7C68002020600198A080DDE9D4
:106B400000100844E080D6F804902EE0D9F80480C4
:106B5000A088B8F80410884210DAC4F800905DB13B
:106B6000A088E988884204DBE088B8F804108842ED
:106B700000DDAAE02F6000E0776019E0A088B8F897
:106B80000410884200D1A0E0A088B8F8061088421E
:106B900000DA9AE035B1E888B8F80410884201D0EC
:106BA0004FF0000BD8F800904546B9F1000FCDD159
:106BB00000BFB9F1000F25D1B5B100BFE888A188A9
:106BC000884208DD00BF40F2931346A24DA155A0B4
:106BD000F9F70CFD00BF00BF2F60E888A18888424C
:106BE00010D04FF0000B0DE000BF706840B100BF47
:106BF00040F29B133BA255A14AA0F9F7F7FC00BF56
:106C000000BF7760B07F00F0010000285BD0BBF1CF
:106C1000000F55D070684068808810B14FF0000BAD
:106C20004EE02546D4F800900BE0D9F80440E888FF
:106C3000A188884202D04FF0000B05E02546D4F829
:106C40000090B9F1000FF0D100BFBBF1000F37D0B9
:106C500000BF706840B900BF4FF4DE7321A249A1A4
:106C600030A0F9F7C3FC00BF00BF00BF70684068E8
:106C7000A04208D100BF40F2BD131AA241A129A031
:106C8000F9F7B4FC00BF00BF00BF206840B100BFEF
:106C900040F2BF1313A23FA122A0F9F7A7FC00BF47
:106CA00000BF00BFE088B18B884208D000BF40F22F
:106CB000C1130CA240A11BA0F9F798FC00BF00BFB4
:106CC0005846BDE8FC9F0020FBE7384602F095FAE5
:106CD00045490988081A44490880384602F060FC92
:106CE0000020EEE74C5749505C7372635C636F722F
:106CF000655C697076345C69705F667261672E638B
:106D000000000000636865636B20667261676D65F3
:106D10006E747320646F6E2774206F7665726C6179
:106D200070000000417373657274696F6E20666154
:106D3000696C65643A2025732C2066696C65202592
:106D4000732C206C696E652025640A006E6F2070BC
:106D5000726576696F757320667261676D656E74B2
:106D60002C2074686973206D7573742062652074BB
:106D7000686520666972737420667261676D656EFE
:106D80007421000073616E69747920636865636BB8
:106D90000000000076616C69646174655F64617411
:106DA000616772616D3A6E6578745F7062756621B5
:106DB0003D4E554C4C00000076616C696461746511
:106DC0005F646174616772616D3A64617461677276
:106DD000616D20656E64213D646174616772616DEF
:106DE000206C656E000000008801002070B504462C
:106DF0000D460D480068A04203D10B492068086089
:106E00000DE000BF45B900BF40F2391307A20FA142
:106E100015A0F9F7EBFB00BF00BF206828602146F2
:106E2000052001F0C9F970BD840100204C5749507C
:106E30005C7372635C636F72655C697076345C6905
:106E4000705F667261672E630000000073616E6997
:106E5000747920636865636B206C696E6B65642070
:106E60006C69737400000000417373657274696F1C
:106E70006E206661696C65643A2025732C20666912
:106E80006C652025732C206C696E652025640A00D2
:106E900070B505460E46052001F03AFA0446A4B93D
:106EA0003146284600F006F9B04203DB052001F028
:106EB0002FFA04464CB90E48808F401C81B20C4812
:106EC000818700BF00BF002070BD20212046F9F758
:106ED00078FA0320E07707480068206005480460DE
:106EE0001422294604F10800F9F752FA2046EBE78C
:106EF00070610120840100202DE9F0470446884696
:106F0000002500BFA04507D100BFA5233FA247A190
:106F100049A0F9F76BFB00BF00BFB8F1000F0DD01F
:106F200000BFD8F80000A04207D000BFA72337A2B7
:106F30004BA141A0F9F75AFB00BF00BF6068D0F831
:106F40000490B9F80400002824D16768D9F800003B
:106F50006060142204F108017868F9F719FA012138
:106F60003846FEF769FD384602F047F9064600BF8D
:106F7000A819B0F5803F07DB00BFB62323A23DA1CF
:106F80002DA0F9F733FB00BF00BFA81985B2384622
:106F900002F006FB67681CE0D7F80490BA46D9F8FF
:106FA0000070504602F029F9064600BFA819B0F556
:106FB000803F07DB00BFC62314A22EA11EA0F9F755
:106FC00015FB00BF00BFA81985B2504602F0E8FAD1
:106FD00000BF002FE0D141462046FFF707FF00BF6A
:106FE0002C480088A84207DA00BFCC2307A22AA1B8
:106FF00011A0F9F7FBFA00BF00BF26480088401B2C
:10700000244908802846BDE8F08700004C574950C5
:107010005C7372635C636F72655C697076345C6923
:10702000705F667261672E630000000070726576A3
:1070300020213D2069707200417373657274696F1D
:107040006E206661696C65643A2025732C20666940
:107050006C652025732C206C696E652025640A0000
:10706000707265762D3E6E657874203D3D206970A6
:107070007200000070627566735F667265656420F9
:107080002B20636C656E203C3D203078666666661A
:10709000000000008801002069705F7265617373F1
:1070A0005F70627566636F756E74203E3D20636C21
:1070B000656E00002DE9F05F05468946002700BF98
:1070C0000026B346B246194804681DE06069E968C5
:1070D000884207D1A0692969884203D1A089A9887B
:1070E000884201D0012000E0002048B10AF1010AE5
:1070F0000EB9264604E0E07FF17F884200DC264698
:10710000206800B1A3462468002CDFD12EB1594677
:107110003046FFF7F1FE804647444F4502DABAF1A8
:10712000010FCDDC3846BDE8F09F0000840100204F
:1071300010B5044600BF00BF00F00AF80022034962
:107140004FF47A7003F09AFB10BD00003171000813
:1071500070B500260C48046813E0E07F002807DDC6
:10716000E07F401EE07700BF00BF2646246808E0AD
:1071700000BF00BF2546246831462846FFF7BCFE05
:1071800000BF002CE9D170BD8401002010B502467B
:10719000164801680FE091F8310000F0010048B195
:1071A00010688B681840D1E901342340984201D11E
:1071B000084610BD09680029EDD10D48006830B1BE
:1071C0000B48006890F8310000F0010058B900BF8A
:1071D00000BF0848B0F85600401C83B20548A0F82C
:1071E00056300020E5E702480068E2E7D4000020BE
:1071F000D80000207061012038B504466946204659
:1072000000F006F808B1009838BD4FF0FF30FBE7FA
:107210002DE9FF47064688466F46347800BF302C7C
:1072200001DB392C03DD002004B0BDE8F087002528
:107230004FF00A09302C0ED1701C06460478782CC9
:1072400001D0582C05D14FF01009701C0646047867
:1072500001E04FF0080900BF302C09DB392C07DCB6
:10726000A4F1300005FB0905701C06460478F3E71D
:10727000B9F1100F1BD1302C01DB392C07DD612C4B
:1072800001DB662C03DD412C11DB462C0FDC612C6D
:1072900003DB7A2C01DC612100E0412104F10A00CA
:1072A000401A40EA0515701C06460478D4E700BF72
:1072B00000BF2E2C09D103A8874201D30020B3E7D9
:1072C00020C7701C06460478A9E700BF00BF6CB158
:1072D000202C0BD00C2C09D00A2C07D00D2C05D05B
:1072E000092C03D00B2C01D000209DE76846381AEA
:1072F000012101EBA00005282AD2DFE800F00305F8
:10730000060F1B0000208FE72DE0B5F1807F01D331
:10731000002089E7009845EA006524E0B5F5803F44
:1073200001D3002080E700980006019940EA01405F
:10733000054318E0FF2D01D9002075E700980006ED
:10734000019940EA0140029940EA012005430AE020
:1073500000BF00BFF32309A210A113A0F9F746F95B
:1073600000BF00BF00BF00BFB8F1000F04D0284627
:1073700000F0A5F9C8F80000012055E74C57495026
:107380005C7372635C636F72655C697076345C69B0
:10739000705F616464722E6300000000756E686146
:1073A0006E646C6564000000417373657274696F8C
:1073B0006E206661696C65643A2025732C206669CD
:1073C0006C652025732C206C696E652025640A008D
:1073D00010B5044610220249204600F003F810BD03
:1073E0006C6301202DE9FC4706460B4614464FF01E
:1073F000000C30680190194601AA00273CE00025E6
:1074000000BF10784FF00A0990FBF9FA09FB1A0047
:1074100000F0FF08107890FBF9F0107008F13000D0
:1074200000F0FF0A284605F1010909F0FF050DF8F3
:1074300000A010780028E4D10BE060460CF1010CAC
:10744000A04202DB0020BDE8FC871DF8050001F822
:10745000010B281EA5F1010909F0FF05EDD16046D9
:107460000CF1010CA04201DB0020ECE72E2001F81A
:10747000010B521C781CC7B2042FC0DB4FF000096F
:10748000481E014680F800901846DCE770B50546B6
:107490002C4600BF44B900BF40F283230EA216A1C0
:1074A00018A0F9F7A3F800BF00BF00BFAC4208D096
:1074B00000BF4FF4217308A21CA112A0F9F796F89F
:1074C00000BF00BF606910B1606902F069F8204632
:1074D000FEF7F6FE70BD00004C5749505C737263B6
:1074E0005C636F72655C697076345C69705F66724C
:1074F00061672E630000000070637220213D204E02
:10750000554C4C00417373657274696F6E206661EF
:10751000696C65643A2025732C2066696C652025AA
:10752000732C206C696E652025640A0070637220DC
:107530003D3D20700000000038B56A460121002062
:10754000FCF716FB08B9002038BDBDF80000C0F3F9
:1075500080042046F8E7000070B50446062084F851
:107560002A002348007884F82B00214841782C20F9
:1075700001551F4881782D2001551D48C1782E20C6
:1075800001551B4801792F200155194841793020B8
:10759000015540F2DC502085322084F831000A2366
:1075A000144A15490020FCF79BF80A23134A144992
:1075B0000120FCF795F8002506E0114901EB451084
:1075C0000121FCF7E6F96D1C0A2DF6DB00200AE02C
:1075D000094901EB401109680A4A1143064A02EBC6
:1075E00040121160401C0A28F2DBFCF743FD70BD1D
:1075F000A401002024A2012084650120C46601208A
:10760000446401200000C0402DE9F04387B081466A
:107610000026002501A8FCF733FC01A807C804AB2D
:1076200007C3049887B2DDF8148003223946104658
:1076300001F0A0FA054665B12C4608E0628908EB26
:1076400006016068F8F7A4FE608906442468002CEF
:10765000F4D10698006840F0004006990860802048
:10766000FCF79AF838B18020FCF790F8044880685D
:10767000002003498860284607B0BDE8F083000079
:10768000009002402DE9F04180460E460025FCF7AF
:10769000BBF90746344607E0628978196168F8F754
:1076A00077FE608905442468002CF5D1A8B2FCF768
:1076B0004DFD10B9601EBDE8F0810020FBE70146DA
:1076C000080601F47F4240EA022001F47F0240EA0A
:1076D000122040EA1160704701460806000C40EA9B
:1076E0001120704710B502F035FF02F0DBFF00F00B
:1076F00073FA00F0C5FD00F047FF00F0EBF807F06B
:107700004BFB03F02BFFFEF7B5F9FBF77FFB03F014
:107710004FF910BD00B503461846FFF7D0FF00BD76
:1077200000B502461046FFF7D7FF00BD11B581B086
:107730003A480068002831D13948406800282DD0E7
:10774000374840683549086036A0F8F74FFF34489D
:10775000001DFFF73DFE0446214638A0F8F746FF1E
:107760002F480830FFF734FE0446214636A0F8F7CC
:107770003DFF2B480C30FFF72BFE0446214635A079
:10778000F8F734FF36A0F8F731FF3BA0FFF734FDE0
:10779000009069460020FBF76FFD00BF3949019852
:1077A0000968401AFA2804D336490198086006F09F
:1077B00075FF354901980968401A41F288318842BD
:1077C00004D3314901980860FDF7DCFB2F4901988B
:1077D0000968401AB0F5FA7F04D32C490198086073
:1077E000F9F7DEFE2A4901980968401A4EF6602131
:1077F000884204D3264901980860F9F7D3FB25494C
:1078000001980968401AB0F57A7F04D3214901989C
:107810000860FBF70DFE00F08DF81CBDE4010020B0
:1078200094DD01200D0A3D3D3D2044484350206237
:107830006F756E64203D3D3D0D0A000049502020CB
:107840003A2025730D0A00004D41534B3A20257311
:107850000D0A0000475720203A2025730D0A00002A
:107860003D3D3D3D3D3D3D3D3D3D3D3D3D3D3D3D48
:107870003D3D0D0A0D0A00003232332E352E352ED5
:1078800035000000C8010020CC010020DC010020F0
:10789000E0010020D001002010B50248FDF774FD82
:1078A00010BD000094DD012010B504462078084981
:1078B000087060784870A0788870E078C870207987
:1078C0000871607948712046FCF716F910BD000078
:1078D000A40100207047F8B505460A462B46002053
:1078E0000090002103F0010636B1002A04DD13F8F0
:1078F000010B8DF80100521E1C4603E034F8027B98
:107900003944921E012AF9DC002A02DD20788DF824
:107910000000BDF80000014488B200EB114188B2BC
:1079200000EB114126B1C8B2C1F3072747EA002195
:1079300088B2F8BD2DE9F0471748006808B9BDE8DE
:10794000F08702F077FF0746144800683D1A00BF31
:107950004FF0000910480468CCB16068A84216D8FE
:107960004FF001090D496068096808440B49086037
:1079700060682D1A084920680860A668D4F80C8051
:1079800021460C2000F018FC0EB14046B047B9F17A
:10799000000FDDD100BFD2E74001002044010020EC
:1079A0001CB5032001F0D2F803F0AEF84FF4E1303B
:1079B000F9F778F907F080FD0C48022100230A024C
:1079C000CDE900100AA10E4808F09AFD012803D065
:1079D0000CA0F8F70BFE02E014A0F8F707FE07F082
:1079E00095FD07F09BFF00BFFEE70000EC010020C3
:1079F0004E6574776F726B5F7461736B000000008B
:107A0000298A00084E6574776F726B207461736BFE
:107A100020636F756C64206E6F74206265206372E2
:107A200065617465642E0D0A000000004E65747770
:107A30006F726B207461736B207761732063726562
:107A400061746564207375636365737366756C6CCC
:107A5000792E0D0A0000000070B5044614B900BF6D
:107A600000BF70BD00BF04F0030040B100BF4FF481
:107A7000A07331A235A13EA0F8F7B8FD00BF00BF4A
:107A800000BF45480068844203D3444800688442EC
:107A900008D300BF4FF4A17327A241A134A0F8F787
:107AA000A5FD00BF00BF3C480068844203D33B48AB
:107AB0000068844210D300BF00BF02F0E1FD06461B
:107AC0003D48B0F8D000401C81B23B48A0F8D0102F
:107AD000304602F0E0FDC4E7384802F05DFEA4F154
:107AE000080500BF287940B900BF40F2531312A225
:107AF00033A11FA0F8F77AFD00BF00BF0020287156
:107B000034480068854201D23248056028882249FD
:107B10000988691A411A2848B0F8CA00401A81B287
:107B20002548A0F8CA10284601F0FCFF234802F0BF
:107B300061FE00BF95E700004C5749505C737263CB
:107B40005C636F72655C6D656D2E63006D656D5F66
:107B5000667265653A2073616E6974792063686541
:107B6000636B20616C69676E6D656E740000000068
:107B7000417373657274696F6E206661696C6564C8
:107B80003A2025732C2066696C652025732C206CA7
:107B9000696E652025640A00C0000020C400002032
:107BA0006D656D5F667265653A206C6567616C2016
:107BB0006D656D6F7279000070610120CC0000204E
:107BC0006D656D5F667265653A206D656D2D3E75FC
:107BD00073656400C800002010B500BF00BF1B48DB
:107BE00020F003001A490860084604684FF4A040DA
:107BF00020800020608020710846006800F5A040C9
:107C0000144908600120096808714FF4A040114927
:107C1000096808800F49096848800D4800680E49C6
:107C200008604FF4A0410D48A0F8C8100C4802F0BD
:107C3000D3FD50B100BF00BF4FF4967309A20EA14F
:107C400014A0F8F7D3FC00BF00BF10BD82AB00202A
:107C5000C0000020C4000020C80000207061012086
:107C6000CC0000204C5749505C7372635C636F72A8
:107C7000655C6D656D2E63006661696C656420747A
:107C80006F20637265617465206D656D5F6D7574DD
:107C900065780000417373657274696F6E20666168
:107CA000696C65643A2025732C2066696C65202513
:107CB000732C206C696E652025640A002DE9F0475D
:107CC000054615B90020BDE8F087E81C20F0030048
:107CD00085B20C2D00DA0C25B5F5A04F01DD002092
:107CE000F1E7734802F058FD72480088724909882C
:107CF000401A86B2C8E070480068841920790028CC
:107D00007ED1218806F10800081AA84278D321887C
:107D100006F10800091A05F11400814232D306F178
:107D2000080028441FFA80F86348006800EB080741
:107D300000203871208838807E80A4F800800120DF
:107D400020713888B0F5A04F05D038885A490968A5
:107D50000844A0F8028000BF5848B0F8CA1005F1E6
:107D60000800084481B25548A0F8CA10B0F8CC10F9
:107D7000B0F8CA00814204DA5048B0F8CA10A0F83E
:107D8000CC101BE00120207100BF20884A490988DF
:107D9000611A411A4948B0F8CA00084481B24748FC
:107DA000A0F8CA10B0F8CC10B0F8CA00814204DACA
:107DB0004248B0F8CA10A0F8CC1000BF3D48006897
:107DC00084422AD13B48D0F8009005E0B9F8000081
:107DD0003949096800EB010999F8040018B13848DD
:107DE00000688145F2D13348C0F8009000BF0068B8
:107DF0003349096888420ED02E480068007900E0B7
:107E00003FE040B100BF40F262232EA232A139A070
:107E1000F8F7ECFB00BF00BF00BF254802F0EAFC0A
:107E200000BF04F10800284425490968884208D9A0
:107E300000BF40F2662323A238A12EA0F8F7D6FB9C
:107E400000BF00BF00BF04F0030040B100BF4FF40B
:107E50001A731CA23DA127A0F8F7C8FB00BF00BF02
:107E600000BF04F0030040B100BF40F26A2315A236
:107E700042A120A0F8F7BAFB00BF00BF04F1080040
:107E800021E70D480068865BC5F5A040B0423FF78A
:107E900032AF00BF00BF0948B0F8CE00401C81B22D
:107EA0000648A0F8CE10024802F0A4FC00200AE721
:107EB000CC000020C8000020C0000020706101201C
:107EC000C40000204C5749505C7372635C636F724E
:107ED000655C6D656D2E63006D656D5F6D616C6CCD
:107EE0006F633A20216C667265652D3E757365641B
:107EF00000000000417373657274696F6E206661E3
:107F0000696C65643A2025732C2066696C652025B0
:107F1000732C206C696E652025640A006D656D5FA9
:107F20006D616C6C6F633A20616C6C6F636174653A
:107F300064206D656D6F7279206E6F742061626F61
:107F400076652072616D5F656E642E006D656D5F94
:107F50006D616C6C6F633A20616C6C6F636174650A
:107F600064206D656D6F72792070726F7065726CD0
:107F70007920616C69676E65642E00006D656D5FC8
:107F80006D616C6C6F633A2073616E697479206304
:107F90006865636B20616C69676E6D656E74000067
:107FA0002DE9F05F81460D46E81C20F0030085B204
:107FB0000C2D00DA0C25B5F5A04F02DD0020BDE840
:107FC000F09F00BF5A480068814503D359480068B4
:107FD000814508D300BF4FF4C37357A25BA161A0D2
:107FE000F8F704FB00BF00BF51480068814503D388
:107FF00050480068814511D300BF00BF02F040FB2C
:1080000083466248B0F8D000401C81B25F48A0F8B7
:10801000D010584602F03FFB4846D0E7A9F10808C7
:1080200043480088A8EB00001FFA80FAB8F8000067
:10803000A0EB0A00083887B200BFBD4208DD00BFD0
:108040004FF4CC733CA252A146A0F8F7CFFA00BF80
:1080500000BFBD4201DD0020B1E7BD4201D148466D
:10806000ADE7534802F098FBB8F8000030490968C2
:108070004418207950BB20880AF1080129448EB2A7
:108080004C490968A14204D1294909683144494A47
:108090001160274909688C19002121712080A4F8FA
:1080A00002A0A8F800602188B1F5A04F04D0218873
:1080B0001F4A126811444E803449B1F8CA107A1B25
:1080C000891A8AB23149A1F8CA202BE005F11400BF
:1080D000B84227D80AF10800284486B2144800683C
:1080E000841934480068844201D232480460002078
:1080F0002071B8F800002080A4F802A0A8F8006061
:108100002088B0F5A04F04D02088094909680844A8
:1081100046801E48B0F8CA00791B401A81B21B483D
:10812000A0F8CA10224802F065FB484647E7000065
:10813000C0000020C40000204C5749505C7372639B
:108140005C636F72655C6D656D2E63006D656D5F60
:108150007472696D3A206C6567616C206D656D6F36
:1081600072790000417373657274696F6E20666185
:10817000696C65643A2025732C2066696C6520253E
:10818000732C206C696E652025640A0070610120E3
:108190006D656D5F7472696D2063616E206F6E6CCA
:1081A0007920736872696E6B206D656D6F727900EE
:1081B000CC000020C80000202DE9F04104460D4607
:1081C0000DB9BDE8F08100BF05F0030040B100BF6C
:1081D00040F2BB1310A216A11DA0F8F707FA00BFCA
:1081E00000BF2E4602F04CFA0746234800EB04106D
:1081F000C088401E81B2204800EB0410C1801F4897
:1082000050F8240030601D4840F82460384602F0E1
:1082100042FA00BFD5E700004C5749505C737263C7
:108220005C636F72655C6D656D702E6300000000AD
:108230006D656D705F667265653A206D656D207065
:10824000726F7065726C7920616C69676E6564002D
:10825000417373657274696F6E206661696C6564E1
:108260003A2025732C2066696C652025732C206CC0
:10827000696E652025640A004462012094FB002099
:1082800010B5002015E000241C4B03EB0013DC802C
:108290001A4B03EB00131C81184B03EB00135C819A
:1082A000174B33F81040154B03EB00139C80431C15
:1082B00098B21028E7DB134B23F00301002019E0EC
:1082C0000023114C44F8203000220CE00E4B53F8F0
:1082D00020300B600C4B43F820100C4B33F810305F
:1082E0001944531C9AB2064B33F810309342EDDC1C
:1082F000431C98B21028E3DB10BD0000446201204B
:10830000200A0108D7FB002094FB0020000A010886
:1083100070B5044600BF102C0BDB2BA34FF4C772C3
:108320002FA137A0F8F762F90020002000BF00203D
:1083300070BD00BF02F0A4F906463B4850F8245037
:10834000002D30D03849286841F8240000BF374854
:1083500000EB0410C088401C81B2344800EB0410CC
:10836000C180324800EB04100189304800EB041052
:10837000C088814207DA2D4800EB0410C1882B48E1
:1083800000EB0410018100BF00BF05F0030040B105
:1083900000BF40F29F130CA225A12EA0F8F726F9EA
:1083A00000BF00BF0BE000BF00BF204800EB04107F
:1083B0004089401C81B21D4800EB041041813046C9
:1083C00002F069F92846B3E74C5749505C73726371
:1083D0005C636F72655C6D656D702E6300000000FC
:1083E0006D656D705F6D616C6C6F633A2074797050
:1083F00065203C204D454D505F4D41580000000028
:10840000417373657274696F6E2022257322206632
:1084100061696C6564206174206C696E65202564F7
:1084200020696E2025730A0094FB0020446201201D
:108430006D656D705F6D616C6C6F633A206D656D1D
:10844000702070726F7065726C7920616C69676EF4
:1084500065640000417373657274696F6E206661B4
:10846000696C65643A2025732C2066696C6520254B
:10847000732C206C696E652025640A002DE9F04795
:1084800004460E4617469846DDE9095ADDF8209065
:1084900000BF3DB900BF8F2323A229A12EA0F8F76A
:1084A000A5F800BF00BF00206060A060E06084F815
:1084B00031006062E061A063E0632064C4F8209052
:1084C0002F48007884F834002D480078401C2C494F
:1084D0000870C4F810A043463A463146204600F0E2
:1084E000B3F92046A84710B10020BDE8F087254821
:1084F000006820602348046094F8310000F0800098
:1085000010B12046FDF7E2FC00BF00BF00BF00BF76
:1085100000BF00BF00BF00BF00BF00BF00BF00BF63
:1085200000BF00BF2046E0E74C5749505C737263C0
:108530005C636F72655C6E657469662E6300000033
:108540004E6F20696E69742066756E6374696F6E14
:1085500020676976656E0000417373657274696F98
:108560006E206661696C65643A2025732C2066690B
:108570006C652025732C206C696E652025640A00CB
:10858000DC000020D400002000B587B00A48049029
:108590000690FF20059009480949002204ABCDE967
:1085A0000021029005AA06A90648FFF767FF0548C3
:1085B00000F016FA07B000BD7F00000171E9000865
:1085C000F58600082C6101202DE9F04704460F468E
:1085D000924639890022022000F0CCFA054665B99E
:1085E00027488089401C264988810846C088401C4D
:1085F000C8804FF0FF30BDE8F0873946284600F0CC
:1086000005FEB0F100080DD0284600F0C9FF1C4857
:108610008089401C1A4988810846C088401CC8804F
:108620004046E8E72E4600E0366830680028FBD177
:1086300002F026F88146E06B002810D000BF206CC5
:1086400040B900BF40F29E230EA214A11EA0F7F76E
:10865000CDFF00BF00BF206C0560266401E0E5632C
:108660002664484602F017F805480088401C044973
:108670000880012221461E4806F0E6F80020BAE7ED
:10868000706101204C5749505C7372635C636F7278
:10869000655C6E657469662E63000000696620661D
:1086A0006972737420213D204E554C4C2C206C6116
:1086B0007374206D75737420616C736F2062652014
:1086C000213D204E554C4C00417373657274696FA7
:1086D0006E206661696C65643A2025732C2066699A
:1086E0006C652025732C206C696E652025640A005A
:1086F0001187000801466C2081F832006F22332078
:10870000425402484861002070470000C9850008B3
:108710002DE9F041044600BF01F0B2FF0746E66BC9
:10872000002E2CD035460DE000BF286840B900BFB0
:1087300040F2D6231DA223A12EA0F7F757FF00BFBA
:1087400000BF2D68688929898842EDD1206CA84234
:1087500003D100202064E0630EE02868E06300BFDE
:10876000E06B40B900BF4FF4387310A22BA121A0D9
:10877000F7F73CFF00BF00BF0020286000BF38466D
:1087800001F089FF6EB12F484088401C2D49488078
:1087900021463046FDF7D2FD10B1304600F000FF13
:1087A0000026E06B0028B7D1BDE8F0814C57495056
:1087B0005C7372635C636F72655C6E657469662E70
:1087C00063000000626F67757320706275663A20FF
:1087D0006C656E20213D20746F745F6C656E206245
:1087E0007574206E657874203D3D204E554C4C21AB
:1087F00000000000417373657274696F6E206661DA
:10880000696C65643A2025732C2066696C652025A7
:10881000732C206C696E652025640A0073686F757F
:108820006C64206E6F74206265206E756C6C2073B2
:10883000696E636520666972737420213D206C61E6
:1088400073742100706101202DE9F04106460F4646
:1088500014461D463946304600F030F82146304671
:1088600000F0B6F82946304600F01FF8BDE8F08168
:108870000249086000BF00BF70470000D800002018
:1088800010B5044694F8310000F0010060B114F80E
:10889000310F20F00100207014F8310900F02000A1
:1088A00010B12046FBF7A8FD10BD09B9002200E079
:1088B0000A68C26000BF00BF704700002DE9F041A8
:1088C00007460C46002C2ED020687968884201D1DA
:1088D000012000E0002030BB00BF00BF1648066842
:1088E0000DE030687968884208D1D6F80C8000BF66
:1088F00000BF304602F064FA464600E0F668002EFB
:10890000EFD10E4805680CE055B1286840B12868E1
:108910007968884204D10CB9002000E02068286002
:10892000ED68002DF0D10CB9002000E020687860DF
:1089300000BF00BFBDE8F08104010020000100205D
:1089400000B1C161704710B5044694F8310000F0E1
:10895000100060B194F8310020F0100084F831006C
:1089600000BFE06910B12046E169884700BF10BD33
:1089700010B5044694F8310000F0100038BB94F8AC
:10898000310040F0100084F83100606A10B12046D8
:10899000F8F7BCFE94F8310000F0010080B194F8C3
:1089A000310000F0200018B1211D2046FCF784FAA8
:1089B00094F8310000F0800010B12046FDF7D6F9A0
:1089C00000BFE06910B12046E169884700BF10BDD3
:1089D00009B9002200E00A68826000BF00BF70474A
:1089E00010B5044694F8310000F00100D0B914F835
:1089F000310F40F00100207014F8310900F0100030
:108A000080B194F8310000F0200018B1211D2046FB
:108A1000FCF752FA94F8310000F0800010B12046C3
:108A2000FDF7A4F910BD00001CB500BFFBF74AFB21
:108A30000028FBD005F0C2FF0D48032100234FF4AE
:108A40000072CDE900100BA10D4807F059FD00BFE1
:108A500001E0FEF721FFFBF7C3F90028F9D107F089
:108A60007FFD0446FEF762FE0A2006F00FFEEFE7E8
:108A7000F0010020444E535F7461736B00000000EE
:108A80009D3200082DE9F0470B4614464FF0000CCC
:108A900000BF2C4A1268C2F302211D4626460A4630
:108AA000C2F10709B9F1040F02D94FF0040901E03E
:108AB000C2F10709C84602F10409B9F1070F02D251
:108AC0004FF0000901E0A2F103094F464FF0010900
:108AD00009FA08F9A9F1010909EA050909FA07F9EA
:108AE0004FF0010A0AFA07FAAAF1010A0AEA060A8D
:108AF00049EA0A09CC4601466246002904DB15070B
:108B00002E0E114D6E5407E015072F0E0D4D0C352E
:108B100001F00F06361FAF5500BF014600290DDBDF
:108B200000BF00BF01F01F050122AA404D09AD00A2
:108B300005F1E025C5F8002100BF00BF00BFBDE87A
:108B4000F08700000CED00E000E400E000BF00F062
:108B50000702064B19684FF6FF031940044B0B43FD
:108B600043EA0221014B196000BF70470CED00E0A1
:108B70000000FA052DE9F05F83460F46914600BFDD
:108B800000BFBBF1000F09D0BBF1010F08D0BBF152
:108B9000020F07D0BBF1030F08D105E0362612E023
:108BA000222610E00E260EE000260CE000BF00BFDB
:108BB000E82395A29AA1A1A0F7F718FD00BF00BF76
:108BC0000020BDE8F09F00BFB9F1000F73D0B9F1EC
:108BD000010F71D0B9F1020F6FD0B9F1030F6DD150
:108BE0000F20FFF795FB044600BF00BF1CB900F043
:108BF0008DFE0020E5E784F80C900020206006F14F
:108C000010002044C01C20F00300606000BF2079E9
:108C100000F0030038B100BFFA237BA291A187A026
:108C2000F7F7E4FC00BF00BF2781F01C20F0030031
:108C3000C0F5FA60B84201DD384604E0F01C20F0CF
:108C40000300C0F5FA60608100BF6189606801447B
:108C500004F5FC60814208D900BF4FF480736AA21A
:108C60008CA176A0F7F7C2FC00BF00BF00BFF01CCC
:108C700020F00300C0F5FA60002808DC00BF40F2D5
:108C8000031361A290A16DA0F7F7B0FC00BF00BF75
:108C90000120E081A2466089A7EB00085CE00F207C
:108CA000FFF736FB054655B900F030FE204600F0D0
:108CB00077FC002085E753E07EE07EE08EE085F8DB
:108CC0000C90002068732860CAF8005000BF4FF66F
:108CD000FF70804508DB00BF4FF48F734AA287A165
:108CE00056A0F7F783FC00BF00BFA5F808801FFA65
:108CF00088F0B0F5FA6F02DA1FFA88F001E04FF45D
:108D0000FA60688105F11000686000BF287900F002
:108D1000030040B100BF40F223133BA27CA147A057
:108D2000F7F764FC00BF00BF00BF618960680144C1
:108D300004F5FC60814208D900BF40F2251332A23D
:108D400054A13EA0F7F752FC00BF00BF0120E8810C
:108D50006889A8EB0008AA46B8F1000F9FDC4AE03A
:108D600006F1130121F00302F91C21F00301114463
:108D700088B2FEF7A3FF04460CB9002021E704F1F6
:108D800010003044C01C20F0030060602781678120
:108D90000020206084F80C9000BF207900F00300D0
:108DA00040B100BF4FF49F7317A265A123A0F7F74E
:108DB0001DFC00BF00BF1EE000BF0E20FFF7A8FA99
:108DC00004461CB900BF00BF0020FAE60020606026
:108DD00027816781206084F80C900CE000BF00BF01
:108DE0004FF4AA7308A261A114A0F7F7FFFB00BF1C
:108DF00000BF0020E5E600BF0120E0810020607395
:108E000000BF00BF2046DCE64C5749505C737263DC
:108E10005C636F72655C706275662E6300000000B3
:108E2000706275665F616C6C6F633A20626164208A
:108E300070627566206C61796572000041737365BC
:108E40007274696F6E206661696C65643A2025737F
:108E50002C2066696C652025732C206C696E65205A
:108E600025640A00706275665F616C6C6F633A20FE
:108E70007062756620702D3E7061796C6F61642040
:108E800070726F7065726C7920616C69676E656471
:108E900000000000636865636B20702D3E7061798F
:108EA0006C6F6164202B20702D3E6C656E20646FAA
:108EB0006573206E6F74206F766572666C6F7720B5
:108EC0007062756600000000504255465F504F4F7B
:108ED0004C5F42554653495A45206D757374206264
:108EE0006520626967676572207468616E204D4510
:108EF0004D5F414C49474E4D454E540072656D5F84
:108F00006C656E203C206D61785F7531365F740052
:108F1000706275665F616C6C6F633A207062756633
:108F200020712D3E7061796C6F61642070726F707A
:108F300065726C7920616C69676E65640000000081
:108F4000706275665F616C6C6F633A207062756603
:108F50002D3E7061796C6F61642070726F70657204
:108F60006C7920616C69676E65640000706275667B
:108F70005F616C6C6F633A206572726F6E656F75BE
:108F800073207479706500002DE9F04707460E469E
:108F900090461C46DDE9089A00BF00BF37B1012F9B
:108FA00006D0022F06D0032F08D105E0362513E0A6
:108FB000222511E00E250FE000250DE000BF00BFC7
:108FC00040F2871315A21BA123A0F7F70FFB00BFE8
:108FD00000BF0020BDE8F08700BFE81C20F00300C0
:108FE0003044504503DD00BF00BF0020F2E7002001
:108FF0002060B9F1000F05D0E81C20F003004844C0
:10900000606001E00020606002206073268166815C
:1090100084F80C800120E0812046DBE74C57495062
:109020005C7372635C636F72655C706275662E63FD
:1090300000000000706275665F616C6C6F63656450
:109040005F637573746F6D3A20626164207062753E
:1090500066206C6179657200417373657274696F23
:109060006E206661696C65643A2025732C20666900
:109070006C652025732C206C696E652025640A00C0
:1090800070B506460D4600BF0EB1002D0AD11CA3D7
:1090900040F2ED2220A12EA0F7F7A8FA0020002030
:1090A00000BF70BD00BF344604E020892989084410
:1090B0002081246820680028F7D100BF20896189B9
:1090C000884208D000BF40F2F6230DA22AA136A0A4
:1090D000F7F78CFA00BF00BF00BF206840B100BFA7
:1090E00040F2F72306A23AA12FA0F7F77FFA00BFBC
:1090F00000BF2089298908442081256000BFD0E76E
:109100004C5749505C7372635C636F72655C70624C
:1091100075662E6300000000286820213D204E5512
:109120004C4C2920262620287420213D204E554CC9
:109130004C29202870726F6772616D6D65722076A0
:10914000696F6C617465732041504929000000000B
:10915000417373657274696F6E20222573222066D5
:1091600061696C6564206174206C696E652025649A
:1091700020696E2025730A00702D3E746F745F6C39
:10918000656E203D3D20702D3E6C656E20286F661B
:10919000206C617374207062756620696E2063684C
:1091A00061696E2900000000417373657274696F14
:1091B0006E206661696C65643A2025732C206669AF
:1091C0006C652025732C206C696E652025640A006F
:1091D000702D3E6E657874203D3D204E554C4C0000
:1091E00070B505460C4621462846FFF749FF204644
:1091F00000F08AFC00BF00BF70BD0146002002E005
:10920000421CD0B209680029FAD170472DE9F0411B
:1092100005460C460026002700BF00BF00BF25B151
:109220001CB12889218988420DDA4BA34FF457726B
:109230004FA15BA0F7F7DAF90020002000BF6FF024
:109240000D00BDE8F08100BF00BF6889801B618907
:10925000C91B884204DB6089C01B1FFA80F803E049
:109260006889801B1FFA80F86268D1196A689019B2
:109270004246F7F78DF806EB080086B207EB0800C8
:1092800087B200BF6889B04208DA00BF40F26D3390
:1092900031A24DA152A0F7F7A9F900BF00BF00BF4E
:1092A0006089B84208DA00BF40F26E332AA256A1A4
:1092B0004BA0F7F79BF900BF00BF6089B84201DC03
:1092C000002724686889B04212D100262D6800BFAB
:1092D0006DB964B120A34FF45E7252A130A0F7F7CC
:1092E00085F90020002000BF6FF00D00A9E700BF46
:1092F000002C14D060892189884210D100BF2068D9
:1093000060B115A340F27D324AA125A0F7F76EF9AE
:109310000020002000BF6FF0050092E700BFA5B15C
:1093200068892989884210D100BF286860B10AA3E2
:1093300040F282323FA11AA0F7F758F9002000202E
:1093400000BF6FF005007CE700BF002C7FF47DAF0D
:1093500000BF00BF002074E74C5749505C73726334
:109360005C636F72655C706275662E63000000005E
:10937000706275665F636F70793A207461726765B9
:1093800074206E6F742062696720656E6F75676800
:1093900020746F20686F6C6420736F757263650052
:1093A000417373657274696F6E2022257322206683
:1093B00061696C6564206174206C696E6520256448
:1093C00020696E2025730A006F66667365745F748A
:1093D0006F203C3D20705F746F2D3E6C656E000009
:1093E000417373657274696F6E206661696C656440
:1093F0003A2025732C2066696C652025732C206C1F
:10940000696E652025640A006F66667365745F6621
:10941000726F6D203C3D20705F66726F6D2D3E6CEB
:10942000656E0000705F746F20213D204E554C4CDE
:1094300000000000706275665F636F7079282920F4
:10944000646F6573206E6F7420616C6C6F77207031
:1094500061636B657420717565756573210A000021
:109460002DE9F05F8046894616461D464FF0000BF9
:1094700000BFB8F1000F0CD128A340F29D322DA1FE
:1094800034A0F7F7B3F80020002000BF0020BDE8AB
:10949000F09F00BF00BFB9F1000F0BD11FA340F236
:1094A0009E3236A12BA0F7F7A1F80020002000BFC4
:1094B0000020ECE700BF4FF0000AB8F1000F02D027
:1094C000B9F1000F01D10020E1E7444620E035B1B9
:1094D0006089A84203DC6089281A85B217E0608998
:1094E000401B87B2B74200DD37466268511909EB6D
:1094F0000A003A46F6F74CFF0BEB07001FFA80FB19
:109500000AEB07001FFA80FAF01B86B200252468D8
:109510000EB1002CDBD15846B9E700004C5749503A
:109520005C7372635C636F72655C706275662E63F8
:1095300000000000706275665F636F70795F706134
:10954000727469616C3A20696E76616C696420623C
:1095500075660000417373657274696F6E20222511
:109560007322206661696C6564206174206C696E89
:109570006520256420696E2025730A007062756677
:109580005F636F70795F7061727469616C3A2069B2
:109590006E76616C6964206461746170747200003D
:1095A0002DE9F047044684B900BF44B900BF40F23A
:1095B00071233FA244A147A0F7F718F800BF00BFEE
:1095C00000BF00BF0020BDE8F08700BF00BF00BFA4
:1095D000207B88B1207B01280ED0207B02280BD075
:1095E000207B032808D000BF40F27B2330A243A198
:1095F00038A0F6F7FBFF00BF00BF002653E001F0E4
:109600003FF8824600BFE089002808DC00BF40F236
:109610008A2327A23FA12FA0F6F7E8FF00BF00BFD3
:10962000E089401E1FFA80F8A4F80E80504601F031
:1096300032F8B8F1000F32D1276800BF00BF257B98
:10964000607B00F0020098B1A14600BFD9F810007D
:1096500040B900BF4FF4267315A234A11DA0F6F740
:10966000C5FF00BF00BF2046D9F81010884712E0A0
:10967000032D04D121460F20FEF79EFD0BE0012DA6
:1096800001D0022D04D121460E20FEF795FD02E007
:109690002046FEF7E1F9701CC6B23C4602E000BF6E
:1096A00000BF002400BF002CA9D130468BE700008A
:1096B0004C5749505C7372635C636F72655C706297
:1096C00075662E63000000007020213D204E554C31
:1096D0004C000000417373657274696F6E2066619F
:1096E000696C65643A2025732C2066696C652025B9
:1096F000732C206C696E652025640A0070627566A3
:109700005F667265653A2073616E65207479706575
:1097100000000000706275665F667265653A2070D1
:109720002D3E726566203E203000000070632D3EA5
:10973000637573746F6D5F667265655F66756E6382
:1097400074696F6E20213D204E554C4C0000000086
:1097500070B500F095FF054600200B4908702846BB
:1097600000F099FF094804680AE0606F38B100BF53
:1097700000BF606F04F0C2FB0020606770BDE4684A
:10978000002CF2D100BFF9E7E40000200401002022
:1097900010B50446FFF7DCFF10BD00002DE9F041D5
:1097A00004460D4600BF44B900BF40F205232EA277
:1097B00033A136A0F6F71AFF00BF00BF05B114B9F8
:1097C0000020BDE8F081002D12DA684287B200BFA8
:1097D0006089B8420BDA24A340F20D2235A13DA0E6
:1097E000F6F704FF0020002000BF0120E9E700E0B9
:1097F000AFB2267BD4F804800EB1032E0DD1606881
:10980000401B606004F110006168814221D200BFFA
:1098100000BFC4F804800120D3E7022E01D0012E3E
:109820000AD1002D06DA6089B84203DB6068401B6C
:1098300060600EE00120C4E700BF00BF40F23B23A0
:1098400009A22EA111A0F6F7D1FE00BF00BF012092
:10985000B7E760892844608120892844208100BFBF
:1098600000BF0020ADE700004C5749505C737263A5
:109870005C636F72655C706275662E630000000049
:109880007020213D204E554C4C0000004173736503
:109890007274696F6E206661696C65643A20257325
:1098A0002C2066696C652025732C206C696E652000
:1098B00025640A00696E6372656D656E745F6D6123
:1098C000676E6974756465203C3D20702D3E6C6543
:1098D0006E000000417373657274696F6E202225FB
:1098E0007322206661696C6564206174206C696E06
:1098F0006520256420696E2025730A00626164205A
:1099000070627566207479706500000070B500F0B3
:10991000B7FE05460D48047801200C49087028461A
:1099200000F0B9FE84B900BF00221146084804F0D7
:109930008BFF40B100F0A4FE0546002003490870EB
:10994000284600F0A8FE00BF70BD0000E400002023
:10995000919700082DE9F04105460F4600BF45B933
:1099600000BF4FF4DA7339A23EA144A0F6F73EFEE1
:1099700000BF00BF00BF287B032810D0287B012830
:109980000DD0287B58B1287B022808D000BF40F2B8
:10999000B5132EA243A139A0F6F728FE00BF00BFE1
:1099A0002889B84201DCBDE8F0812889A7EB0008CE
:1099B0003E462C4621E06089301A86B200BF4FF641
:1099C000FF70804508DB00BF4FF4E6731FA23CA187
:1099D0002AA0F6F70BFE00BF00BF2089404420817B
:1099E000246800BF44B900BF4FF4E87317A239A13F
:1099F00022A0F6F7FBFD00BF00BF6089B042DADBB2
:109A0000207BB0B96089B04213D0A088001B3044DD
:109A100081B22046FEF7C4FA044600BF44B900BF35
:109A20004FF4ED7309A231A114A0F6F7DFFD00BFDA
:109A300000BF668160892081206810B12068FFF72F
:109A4000AFFD0020206000BFADE700004C5749503B
:109A50005C7372635C636F72655C706275662E63C3
:109A600000000000706275665F7265616C6C6F6308
:109A70003A207020213D204E554C4C0041737365B7
:109A80007274696F6E206661696C65643A20257333
:109A90002C2066696C652025732C206C696E65200E
:109AA00025640A00706275665F7265616C6C6F6335
:109AB0003A2073616E6520702D3E747970650000E8
:109AC00067726F77203C206D61785F7531365F7407
:109AD00000000000706275665F7265616C6C6F6398
:109AE0003A207120213D204E554C4C006D656D5F34
:109AF0007472696D2072657475726E656420712070
:109B00003D3D204E554C4C0070B5044644B100F02C
:109B1000B7FD0546E089401CE081284600F0BBFD0A
:109B200070BD000070B5044600BF3548006884422F
:109B300007D200BFF12333A237A13DA0F6F756FDAF
:109B400000BF00BF00BF44480068844207D300BF85
:109B5000F2232CA241A136A0F6F748FD00BF00BFBA
:109B600000BF207938B100BFF32326A242A130A064
:109B7000F6F73CFD00BF00BF00BF2088B0F5A04F46
:109B800007DD00BFF6231FA242A129A0F6F72EFD94
:109B900000BF00BF20881A4909684518AC4215D09B
:109BA000287998B92C48006885420FD0444800684D
:109BB000A84201D1424804602888208010480088CB
:109BC000201A29880E4A12681144488060880C497E
:109BD00009684618A64211D0307978B9384800682B
:109BE000A04201D1364806602088308004480088B1
:109BF000301A2188024A12681144488070BD000062
:109C0000C00000204C5749505C7372635C636F72F4
:109C1000655C6D656D2E6300706C75675F686F6C59
:109C200065733A206D656D203E3D2072616D0000C8
:109C3000417373657274696F6E206661696C6564E7
:109C40003A2025732C2066696C652025732C206CC6
:109C5000696E652025640A00C4000020706C756779
:109C60005F686F6C65733A206D656D203C20726192
:109C70006D5F656E64000000706C75675F686F6C87
:109C800065733A206D656D2D3E75736564203D3DAD
:109C900020300000706C75675F686F6C65733A20E8
:109CA0006D656D2D3E6E657874203C3D204D454DB3
:109CB0005F53495A455F414C49474E4544000000B7
:109CC000C80000202DE9F04105460E461C480768F3
:109CD0001C480068001D05F0A4FB50B91948006835
:109CE00090F82C10012088401749096881431648D4
:109CF0000160681C38B936B112480168091D134863
:109D000005F0CDFB1AE07C190E4800684460BC42A7
:109D100007D20C480168091D0D48006805F0A5FB35
:109D20000CE008480168091D0A48006805F09DFB21
:109D300009480068844201D207480460BDE8F08108
:109D40002C0000201800002030000020D404002047
:109D5000200000201C0000204800002010B5044610
:109D600005F0AAFB23480068401C224908602248ED
:109D7000006840B9204804600846006801280DD1F9
:109D800000F0A0F90AE01D48006838B91A480068D8
:109D9000C06AE16A884201D8174804601848006820
:109DA000401C1749086094F82C1001208840154980
:109DB0000968084313490860E16A01EB8101124A0E
:109DC00002EB8100211D05F06AFB05F09FFB0B48AB
:109DD000006868B108480068C06AE16A884207D232
:109DE0004FF0805009490860BFF34F8FBFF36F8F6A
:109DF00010BD0000280000201800002034000020C2
:109E000044000020300000200402002004ED00E0A7
:109E100010B516E005F050FB0C48C068C468201D62
:109E200005F0FFFA0A480068401E09490860094821
:109E30000068401E0749086005F068FB204600F0F6
:109E40005FF8044800680028E4D110BDC004002079
:109E5000280000202400002070B504460D46206C28
:109E600070B1216CE0680144E160D4E902108842DD
:109E700001D32168E1602846226CE168F6F788FA90
:109E800070BD2DE9F04104460F4615464FF000081D
:109E9000A66B206C48B9206800282CD1A06806F079
:109EA00009FC80460020A06025E07DB93946226C7F
:109EB0006068F6F76DFA216C606808446060D4E968
:109EC0000101884217D32068606014E03946226C93
:109ED000E068F6F75DFA216CE068411AE1602168FC
:109EE000E068884203D2216CA068411AE160022D2B
:109EF00001D106B1761E701CA0634046BDE8F0811A
:109F000010B50446206B05F01FFB204605F01CFB36
:109F100010BD01464A6A22B10A6B1268C2F12000E4
:109F200000E000207047000030B54FF42043174890
:109F300000F007042CB1C01D20F00700134C041BD7
:109F40001B1B0246124C22600024114D6C60D0187D
:109F5000083820F007000F4C206000240D4D2D68BC
:109F60006C600C4D2D682C601146441A4C60094CF5
:109F700024680C60084D4C682C60084D4C682C60BF
:109F80004FF00044064D2C6030BD0000E804002076
:109F90006C000020740000207C000020780000206D
:109FA0008800002000BFFFF733FF06480068012843
:109FB000F9D94FF0805004490860BFF34F8FBFF3C9
:109FC0006F8FF0E70402002004ED00E010B50446B6
:109FD00054B10020A06020600021E16000231A46F7
:109FE0001946204605F092FE10BD2DE9F0410646C7
:109FF0000D4617469846069C0DB9246000E0276080
:10A00000E66325640121204605F034FEBDE8F081B9
:10A010002DE9FF5F81460E469246DDE90E7B109CDE
:10A02000AAF10100216B01EB800828F0070808F075
:10A03000070008B9012000E0002050B900BF10203F
:10A0400080F31188BFF34F8FBFF36F8F00BF00BF46
:10A05000FEE786B1002507E0715D04F1340041554B
:10A06000705D00B902E06D1C102DF5D300BF00211A
:10A070004320015502E0002084F83400202F00D353
:10A080001F27E76267640020A064201D05F0EAF93D
:10A0900004F1180005F0E6F92461C7F12000A06181
:10A0A00064620020E06484F8500049464046039A08
:10A0B00000F0CAF92060BBF1000F01D0CBF80040DE
:10A0C000BDE8FF9F10B5002407E004EB84010F4AB0
:10A0D00002EB810005F0B9F9641C202CF5D30C4883
:10A0E00005F0B3F90B4805F0B0F90B4805F0ADF9F0
:10A0F0000A4805F0AAF90A4805F0A7F904480949F1
:10A10000086004480849086010BD000004020020EF
:10A110008404002098040020AC040020C004002027
:10A12000D40400201C0000202000002010B50146AF
:10A13000164800E0006803688B42FBD30246436880
:10A1400013448B4204D143684C6823444360014666
:10A150000A464B6813440468A34211D10C4C0368AF
:10A160002468A34208D04B680468646823444B60A9
:10A1700003681B680B6005E0054B1B680B6001E082
:10A1800003680B60884200D0016010BD6C000020A5
:10A190007400002070B5054605F08EF9A86B08B96B
:10A1A000012400E0002405F0B1F9204670BD70B52F
:10A1B000054605F081F9A86BE96B884201D10124BD
:10A1C00000E0002405F0A2F9204670BD09480068AF
:10A1D000006808B9012000E0002020B14FF0FF30F6
:10A1E0000549086005E003480068C0680068024946
:10A1F000086070471C000020480000200E480068DE
:10A20000401C08B9012000E0002050B900BF102018
:10A2100080F31188BFF34F8FBFF36F8F00BF00BF74
:10A22000FEE700BF102080F31188BFF34F8FBFF30C
:10A230006F8F00BF00BFFEE75C00002070B50446D2
:10A2400005F03AF994F9455010E0606A08B9012028
:10A2500000E0002038B904F1240006F0E5FA18B156
:10A2600005F0C8FA00E003E0681E45B2002DECDC02
:10A2700000BFFF2084F8450005F048F905F01CF9FF
:10A2800094F9445010E0206908B9012000E0002052
:10A2900048B904F1100006F0C7FA08B105F0AAFAAF
:10A2A000681E45B200E001E0002DECDC00BFFF209D
:10A2B00084F8440005F02AF970BD00002DE9F04152
:10A2C00004464FF0000805F071FB5148006808B9DA
:10A2D000FFF72AFE4F480068204000287ED13CB39B
:10A2E00004F10800A04223D9083404F0070000B3A9
:10A2F00004F00700C0F108002044A04216D904F081
:10A300000700C0F10800044404F0070008B9012068
:10A3100000E0002068B900BF102080F31188BFF36F
:10A320004F8FBFF36F8F00BF00BFFEE7002400E038
:10A330000024002C54D038480068844250D8374E4E
:10A340003046056801E02E462D686868A04202D2BA
:10A3500028680028F7D12E480068854240D0306830
:10A3600000F10808286830606868001B102819D9B7
:10A370002F1907F0070008B9012000E0002050B9AC
:10A3800000BF102080F31188BFF34F8FBFF36F8F92
:10A3900000BF00BFFEE76868001B78606C6038464D
:10A3A000FFF7C4FE1C4968680968081A1A49086062
:10A3B000084600681A490968884203D216480068AE
:10A3C00017490860134968680968084368600020F5
:10A3D000286014480068401C124900E000E0086052
:10A3E00006F06EFA08F0070008B9012000E000202E
:10A3F00050B900BF102080F31188BFF34F8FBFF317
:10A400006F8F00BF00BFFEE74046BDE8F08100004F
:10A410007400002088000020780000206C000020DC
:10A420007C000020800000200648006830B105490B
:10A43000096801F14800896C491C01600148006805
:10A440007047000018000020001F4FF08073036069
:10A45000001F21F001030360001F054B0360143847
:10A460000260001F6FF00203036020387047000095
:10A47000FDA100082DE9F04705468A460027D5F8DA
:10A48000048098F809900026144804681FE0207C96
:10A4900048451AD134B1206820B1114920680968B3
:10A4A000884212D1606980B10E4B2A462146D4E918
:10A4B00005C0E04748B10025012736B1E068F060EB
:10A4C00006480068E060054804602646E4680FB965
:10A4D000002CDCD13846BDE8F0870000EC000020FD
:10A4E00078010020740100201CB50020009001902C
:10A4F00001214FF44010F6F7F3FA01208DF8070020
:10A500008DF8060000208DF8040040200090002007
:10A510008DF8050069460948FAF7C2FF402107484F
:10A52000FAF7B0FF022005F0B1F840210348FAF72E
:10A53000ABFF022005F0AAF81CBD0000000002409D
:10A540000349096860F3D751014A11607047000060
:10A550000438014010B590B040220B496846F5F729
:10A5600017FF002406E05DF82410084800EB0410F3
:10A570000160641C102CF6DB05A00449D439C1F835
:10A58000C40010B010BD0000400A01084462012060
:10A590004D454D002DE9FC47074688469246002070
:10A5A000019005F0DDFF8146B8F1000F00D1E846CB
:10A5B000BAF1000F33D0FBF7FBFCE8B101AA41462A
:10A5C000386805F015FE012806D105F0C9FF0646DA
:10A5D000A6EB09052C4603E00020C8F80000441E45
:10A5E0000198002846D04FF0805024490860BFF3FE
:10A5F0004F8FBFF36F8F3DE052464146386805F0FC
:10A6000057FD012806D105F0ABFF0646A6EB09056C
:10A610002C462FE00020C8F80000441E2AE0FBF77B
:10A62000C7FCC0B100BF01AA4146386805F0E0FD93
:10A630000128F8D005F094FF0646A6EB09052C4644
:10A640000198B8B14FF080500C490860BFF34F8FAC
:10A65000BFF36F8F0EE000BF4FF0FF324146386806
:10A6600005F026FD0128F7D105F07AFF0646A6EB96
:10A6700009052C462046BDE8FC87000004ED00E0FB
:10A6800000BF102080F31188BFF34F8FBFF36F8F8F
:10A6900000BF002070470146002080F3118800BFF2
:10A6A0007047000010B5012005F082FA01490860EA
:10A6B00010BD0000B801002070B504460D46002210
:10A6C0000421284605F085FA2060206810B94FF073
:10A6D000FF3070BD0020FCE713B582B004460020B7
:10A6E0000190FBF765FC98B100BF002301AA03A904
:10A6F000206805F0CBFB0128F7D1019888B14FF015
:10A70000805008490860BFF34F8FBFF36F8F08E098
:10A7100000BF00235A1E03A9206805F0F7FA01289C
:10A72000F7D11FBD04ED00E033B581B00546002030
:10A730000090FBF73DFCB0B100236A4602A92868EF
:10A7400005F0A4FB012801D1002401E04FF0FF3403
:10A750000098A0B14FF080500A490860BFF34F8FB6
:10A76000BFF36F8F0BE000235A1E02A9286805F083
:10A77000CDFA012801D1002401E04FF0FF3420463A
:10A780003EBD000004ED00E00146086808B9002065
:10A7900070470120FCE7000038B504460020009017
:10A7A000FBF706FC78B16A460021206805F020FD21
:10A7B000009868B14FF0805006490860BFF34F8F92
:10A7C000BFF36F8F04E04FF0FF31206805F088FD84
:10A7D00038BD000004ED00E010B50446012005F08E
:10A7E000E7F92060206810B94FF0FF3010BD00205D
:10A7F000FCE7000038B5044600200090FBF7D8FBCA
:10A8000070B16946206805F0D1FB009870B14FF037
:10A81000805007490860BFF34F8FBFF36F8F05E08B
:10A8200000231A461946206805F070FA38BD00006A
:10A8300004ED00E010B505F093FE10BD2DE9FE43D8
:10A8400005460E4617469846DDF828900A480088C7
:10A8500006280ADA02A81FFA88F23B462946CDE903
:10A860000090304605F04CFE0446012C02D10298BF
:10A87000BDE8FE830020FBE7B00100202DE9F04198
:10A8800006460F4690460C20FDF742FD0446002C7C
:10A890000DD100BF08D100BF4FF4887323A229A1B6
:10A8A00038A0F5F7A3FE00BF00BFBDE8F08100208F
:10A8B0002060A760C4F80C8066603C48006810B94E
:10A8C0003A480460F1E7394800684068B0420CD962
:10A8D000364800684068801B34490968486033483E
:10A8E00000682060314804601DE03048056817E0CA
:10A8F00060686968401A6060286820B1286840680C
:10A90000616888420BD9286828B128684068616866
:10A91000401A29684860286820602C6002E02D6891
:10A92000002DE5D100BF00BFBFE700004C574950E4
:10A930005C7372635C636F72655C74696D6572737E
:10A940002E6300007379735F74696D656F75743A77
:10A950002074696D656F757420213D204E554C4CF7
:10A960002C20706F6F6C204D454D505F5359535FD5
:10A9700054494D454F555420697320656D70747965
:10A9800000000000417373657274696F6E20666128
:10A99000696C65643A2025732C2066696C652025F6
:10A9A000732C206C696E652025640A00400100202C
:10A9B00010B5FFF73FFF13490860002212494FF41A
:10A9C0007A70FFF75BFF0022104941F28830FFF7F1
:10A9D00055FF00220E494EF66020FFF74FFF002280
:10A9E0000C494FF4FA70FFF749FF00220A4964202E
:10A9F000FFF744FF002209494FF47A70FFF73EFF4A
:10AA000010BD00004401002031710008E507000876
:10AA1000052A0008252A0008695F0008113400088B
:10AA20002DE9F0478046894600BF1E48006830B9CE
:10AA3000002249464046FFF7ADFD054630E0194883
:10AA40000068406840B1174800684946426840467F
:10AA5000FFF7A0FD054601E04FF0FF35681C70B917
:10AA6000104804680F4920680860A668E768214616
:10AA70000C20FDF7A1FB0EB13846B047D5E70948D9
:10AA800000684068A84207D9064800684068401B33
:10AA900004490968486003E00020024909684860E9
:10AAA000BDE8F087400100202DE9F04106460F4641
:10AAB0001448006808B9BDE8F08112480468002510
:10AAC0001BE0A068B04216D1E068B84213D11DB9AE
:10AAD0000C492068086001E020682860206828B1DF
:10AAE00020684068616808442168486021460C205D
:10AAF000FDF762FBDFE725462468002CE1D100BFAB
:10AB0000D9E700004001002010B501212248F5F7E7
:10AB1000E7FF2248006920F00700401C1F49086138
:10AB20001F48006820F00300401C1D490860F6F72C
:10AB300045F801210846F5F7C3FE00BFF5F794FF7D
:10AB40000028FBD0022301227D211046F6F714F8DD
:10AB500001210220F5F7B4FE00BF1920F5F76CFFC4
:10AB60000128FAD10020F5F74DFE0420F5F75EFE2E
:10AB70000420F5F751FE0120F5F762FE0220F6F7FA
:10AB80006BF800BFF6F786F80228FBD10020F5F736
:10AB900057FE00F007F810BD1C0040000070004098
:10ABA000603C02402DE9FC5F002400250026A14600
:10ABB000A246A34600200190F6F76CF8009000989A
:10ABC00020B1012814D0022841D115E02B4800689B
:10ABD000C0F3803040B129480068C0F3003018B19C
:10ABE00027482849086002E027482649086032E0E3
:10ABF0002548244908602EE020489C380068C0F3AE
:10AC000080591E489C380068C0F388141B489C3843
:10AC1000006800F00F0519489C380068C0F3024036
:10AC20001A490E5CB9F1000F02D1DFF85CA001E017
:10AC3000DFF854A005FB06FCAAFB0470014662463F
:10AC400000233846F5F760FB0E49086003E00E4824
:10AC50000C49086000BF00BF084898380068C0F37E
:10AC6000031B0B4810F80B0001900648006801997F
:10AC7000C84004490860BDE8FC9F0000A0380240BD
:10AC8000006CDC020000002000127A00D4090108E8
:10AC9000C40901082DE9FC4704460E4600BF207E8A
:10ACA000012808D100BF4FF4B77326A22AA137A00C
:10ACB000F5F79CFC00BF00BF207E0A2808D1214682
:10ACC0003C4801F02FFC21460220FDF775FA36E0E2
:10ACD000276DD4F82880D4F88C50D4F8109000BF99
:10ACE0002146354801F01EFC01203449087000BFA0
:10ACF000206F10B1206F03F001F9E06E10B1E06E2B
:10AD000003F0FCF8606F10B1606F03F0F7F85EB10C
:10AD100000BF00BFA08B618B231D2246CDE9001030
:10AD20004146384603F03AF821460220FDF744FA3E
:10AD300000BF1DB16FF009014846A84700BFBDE83C
:10AD4000FC8700004C5749505C7372635C636F7200
:10AD5000655C7463702E6300646F6E27742063619A
:10AD60006C6C207463705F61626F72742F746370B7
:10AD70005F6162616E646F6E20666F72206C6973D2
:10AD800074656E2D7063627300000000417373651B
:10AD90007274696F6E206661696C65643A20257310
:10ADA0002C2066696C652025732C206C696E6520EB
:10ADB00025640A0008010020040100201001002081
:10ADC00010B5044601212046FFF764FF10BD0000C6
:10ADD00070B506460220FDF79BFA04461CBB00BF77
:10ADE00000BF00F0B5FF0220FDF792FA04468CB9CF
:10ADF00000BF00BF304600F07FFF0220FDF788FA59
:10AE000004463CB12748B0F8FE00401E81B22548F8
:10AE1000A0F8FE103CB12348B0F8FE00401E81B2FD
:10AE20002048A0F8FE10002C3AD098212046F5F7D3
:10AE3000C8FA1434667140F66830A4F85200002055
:10AE4000A4F8540040F6683020836083002004F8A2
:10AE50000B0CFF2004F80A0C4FF4067060840620E7
:10AE600020860020A0850620E085C01F20840120C8
:10AE7000208701F035F805466564E5636563A564E0
:10AE80000948006820610948007860730020E0727A
:10AE90000748E0660748E067002084F88200143C19
:10AEA000204670BD70610120F800002012010020D2
:10AEB00059DB000800DD6D0010B50446207E012836
:10AEC00003D0A07F40F01000A0770121204600F0C1
:10AED00001F810BD7CB504460E46002E67D0207EDA
:10AEE000042802D0207E072861D1A06F20B9A08D50
:10AEF00040F6683188425AD000BFA07F00F01000B1
:10AF000038B900BFB22365A269A170A0F5F76EFB46
:10AF100000BF00BFA08B618BCDE90010231D22462E
:10AF2000A16A206D02F03AFF204601F0C5FA00BF89
:10AF300000BF70480068A04205D16E480068C06834
:10AF40006C49086018E06B4800686B4908600EE0C7
:10AF500069480068C068A04204D16749E068096890
:10AF6000C86008E064480068C068634908606248D7
:10AF700000680028ECD100BF0020E06000BF012085
:10AF80005E49087000BF207E04280AD10A2020767E
:10AF900000BF5B480068E0605948046003F00CFBA8
:10AFA00003E021460220FDF707F900207CBD207E4A
:10AFB000082868D2DFE800F004343F4F5767675F26
:10AFC0000025608B30B300BF4E480068A04205D119
:10AFD0004C480068C0684B49086018E04948006860
:10AFE000454908600EE044480068C068A04204D1AA
:10AFF0004149E0680968C86008E03F480068C068E7
:10B000003D4908603C4800680028ECD100BF0020A2
:10B01000E06000BF21460220FDF7CEF8002435E0B5
:10B0200000252146384801F07DFA21460320FDF72E
:10B03000C3F800242AE0002500BF21462D4801F076
:10B0400071FA01202D49087000BF21460220FDF74A
:10B05000B3F800241AE0204602F087FF05460DB938
:10B060000520207612E0204602F07FFF05460DB94C
:10B07000052020760AE0204602F077FF05460DB94C
:10B080000920207602E00025002400BF00BF1CB18B
:10B0900015B9204600F07AFF284687E74C574950FB
:10B0A0005C7372635C636F72655C7463702E6300C3
:10B0B0007063622D3E666C61677320262054465F84
:10B0C0005258434C4F534544000000004173736590
:10B0D0007274696F6E206661696C65643A202573CD
:10B0E0002C2066696C652025732C206C696E6520A8
:10B0F00025640A00040100200C010020100100203A
:10B1000008010020FC000020000100202DE9F05F74
:10B1100007460E4691469A46DDF8288008F0010061
:10B1200008B1042000E0002008F0020109B10C2160
:10B1300000E0002145180420FDF7EAF8041E07D1BD
:10B1400000BF00BF3046FEF72BFA0020BDE8F09F9D
:10B1500084F80C800020206066603089401B2081CC
:10B160000020608114213046FEF718FB70B100BF4B
:10B1700000BF1848B0F8C000401C81B21548A0F8C4
:10B18000C010204602F0ADFE0020DFE76068406896
:10B190002061788BFCF7A0FA21690880B88BFCF756
:10B1A0009BFA216948805046FCF789FA216948607A
:10B1B000AB46E91705EB91718910491D49EA013148
:10B1C00088B2FCF789FA21698881002021694882C8
:10B1D0002046BBE7706101202DE9F04105460E468F
:10B1E0003046FBF7D3FF044654B1208D40B1208D8B
:10B1F000283887B2BD4201DA284600E038460546C5
:10B200002846BDE8F08100002DE9F84304460D46CC
:10B210004FF00008C14600BF00BF00BF05F00300AB
:10B2200040B900BF40F2DB2370A2764976A0F5F763
:10B23000DDF900BF00BFB4F868000C2805DAB4F8E7
:10B2400068004FF6FC71884211D900BF00BF7848F2
:10B25000B0F8B800401C81B27548A0F8B810A07FC3
:10B2600040F08000A0774FF0FF30BDE8F88305F094
:10B27000020008B14FF0010808F0010008B10420F5
:10B2800000E0002008F0020109B10C2100E00021DB
:10B2900000EB0109B4F8660060B900BF00BF644864
:10B2A000B0F8B800401C81B26148A0F8B8104FF067
:10B2B000FF30DAE7002249461046FDF75BFC071E27
:10B2C0000DD1A07F40F08000A0775948B0F8B800B9
:10B2D000401C81B25648A0F8B810781EC5E700BFE0
:10B2E0007889484508DA00BF40F201333FA251A1F6
:10B2F00045A0F5F77BF900BF00BFCDF800802A46D6
:10B3000039462046E36DFFF701FF061E0DD1A07FF1
:10B3100040F08000A0774648B0F8B800401C81B2E9
:10B320004348A0F8B810701E9FE700BF307C00F0C3
:10B33000030040B100BF40F20A332CA24CA132A05E
:10B34000F5F754F900BF00BF00BF308940B100BF1E
:10B3500040F20B3325A24CA12BA0F5F747F900BF13
:10B3600000BF00BF00BFE06E08B9E66607E0E06E10
:10B3700000E0006801680029FBD1066000BF0020E2
:10B38000A4F86A0005F0020010B905F0010038B118
:10B39000E06D401CE065B4F86600401EA4F866004D
:10B3A00005F0010018B1A07F40F02000A077706880
:10B3B000FDF723FFB4F868100844A4F8680000BF44
:10B3C00000BFB4F8680070B100BF206F50B9E06EE4
:10B3D00040B900BF40F22E3304A236A10AA0F5F70F
:10B3E00005F900BF00BF00203FE700004C5749505F
:10B3F0005C7372635C636F72655C7463705F6F75BE
:10B40000742E6300940C0108417373657274696F44
:10B410006E206661696C65643A2025732C2066692C
:10B420006C652025732C206C696E652025640A00EC
:10B43000706101207463705F656E71756575655F1D
:10B44000666C6167733A20636865636B207468613A
:10B450007420666972737420706275662063616E11
:10B4600020686F6C64206F70746C656E0000000063
:10B470007365672D3E746370686472206E6F74200C
:10B48000616C69676E6564007463705F656E717589
:10B490006575655F666C6167733A20696E76616C8D
:10B4A0006964207365676D656E74206C656E677482
:10B4B000680000007463705F656E71756575655F27
:10B4C000666C6167733A20696E76616C696420719D
:10B4D00075657565206C656E6774680070B51C488D
:10B4E0000078401C1A49087000BF1A4804682BE015
:10B4F00094F8210016490978884225D0144800782C
:10B5000084F82100A07F00F0010070B100BF00BFEF
:10B5100000BFA07F40F00200A07700BF204600F0EF
:10B5200035FDA07F20F00300A077E568A06F48B14B
:10B53000002009490870204601F0E6FB0648007823
:10B5400000B1D2E72C4600BF002CD1D170BD000065
:10B5500012010020040100201001002070470000AB
:10B560002DE9FC4706468A46FE48B0F8AE00401C6E
:10B5700081B2FC48A0F8AE10FB4970680860FA4838
:10B5800071680068007800F00F0001EB8000F74957
:10B590000860F548006800780007800E4142304698
:10B5A000FEF7FCF810B9308914280AD200BF00BF9A
:10B5B000EC48B0F8B600401C81B2EA48A0F8B610DA
:10B5C00043E3EB4908685146FAF72FFD28B9E848EC
:10B5D000007800F0F000E02808D1E248B0F8BC00A4
:10B5E000401C81B2DF48A0F8BC102EE3DF49096897
:10B5F0008889FCF795F84FEA20394FEA89004142E3
:10B600003046FEF7CBF850B100BF00BFD548B0F8C8
:10B61000B600401C81B2D348A0F8B61015E3D34958
:10B6200009680888FCF77CF8D04909680880CF4988
:10B6300009684888FCF774F8CC4909684880CB4908
:10B6400009684868FCF766F8C84909684860C9494C
:10B650000860C64909688868FCF75CF8C34909684E
:10B660008860C5490860C1490968C889FCF758F86D
:10B67000BE490968C881BD4909688889FCF750F846
:10B6800000F03F00BD4908703089097801F00301DE
:10B6900009B1012100E000210844B94908800027D0
:10B6A000B848046860E000BF207E38B900BFAB2313
:10B6B000B5A2BBA1C4A0F4F799FF00BF00BF00BFB3
:10B6C000207E0A2807D100BFAC23AFA2C8A1BEA02C
:10B6D000F4F78CFF00BF00BF00BF207E012807D118
:10B6E00000BFAD23A8A2CDA1B7A0F4F77FFF00BF94
:10B6F00000BFA08B9D4909680988884232D1608BC0
:10B700009A490968498888422CD1CE4960680968FD
:10B71000884227D1964920680968884222D100BF13
:10B72000E068A04207D100BFB62397A2C6A1A6A099
:10B73000F4F75CFF00BF00BF37B1E068F8609148E4
:10B740000068E0608F48046000BFE068A04207D155
:10B7500000BFBC238CA2C7A19BA0F4F747FF00BF8A
:10B7600000BF03E02746E468002C9CD100BF002CFA
:10B770005CD1CB4804682DE000BF207E0A2807D0AA
:10B7800000BFC62380A2C7A18FA0F4F72FFF00BF80
:10B7900000BFA08B754909680988884219D1608B60
:10B7A000724909684988884213D1A64960680968C6
:10B7B00088420ED16E4920680968884209D100BFCD
:10B7C00000BF204602F014FF3046FDF7E9FEBDE859
:10B7D000FC87E468002CCFD10027BE48056810E044
:10B7E000688B624909684988884208D1604928689D
:10B7F0000968884202D00DB1286800B903E02F46DD
:10B80000ED68002DECD100BF85B137B1E868F86074
:10B81000B0480068E860AF48056000BF00BF284638
:10B8200000F0B6FA3046FDF7BBFED0E7002C7DD025
:10B830000020A949086030890881084646604B48C5
:10B84000006808610020A5490860A54908704B48B8
:10B85000007800F0080018B1707B40F001007073B0
:10B86000A06F98B1204601F04FFA0A3028B1A06FBE
:10B8700060B143480088002808DD3A48B0F8B200BB
:10B88000401C81B23748A0F8B2109CE19548046092
:10B89000204600F0F7FE804608F10A00002817D085
:10B8A0008F48007800F0080098B100BFD4F88C00F1
:10B8B00028B16FF00A01D4F88C202069904700BFAE
:10B8C0002146304800F02EFE21460220FCF774FC91
:10B8D00078E18348007800F01000B8B1A07F00F054
:10B8E000100050B900BFD4F88C0028B16FF00B01E4
:10B8F000D4F88C202069904700BF2146214800F0F1
:10B9000011FE21460220FCF757FC5BE14FF00008D6
:10B91000B4F86400002813DD00BFE06F48B1B4F84C
:10B9200064202146E36F2069984700E05BE1804690
:10B9300001E04FF0000800BF08F10A0000B942E141
:10B940006648006860B100BFA06F40B100BF4FF40F
:10B95000AA730DA264A11CA0F4F748FE00BFD1E0B9
:10B9600000E1000070610120200100201C01002086
:10B970007801002024010020280100202C01002053
:10B980002E010020040100204C5749505C73726363
:10B990005C636F72655C7463705F696E2E63000038
:10B9A0007463705F696E7075743A20616374697650
:10B9B00065207063622D3E737461746520213D20A3
:10B9C000434C4F5345440000417373657274696F73
:10B9D0006E206661696C65643A2025732C20666967
:10B9E0006C652025732C206C696E652025640A0027
:10B9F0007463705F696E7075743A20616374697600
:10BA000065207063622D3E737461746520213D2052
:10BA100054494D452D574149540000007463705FEF
:10BA2000696E7075743A206163746976652070631D
:10BA3000622D3E737461746520213D204C4953543E
:10BA4000454E0000740100207463705F696E70756C
:10BA5000743A207063622D3E6E65787420213D201B
:10BA600070636220286265666F7265206361636837
:10BA7000652900007463705F696E7075743A207098
:10BA800063622D3E6E65787420213D2070636220D4
:10BA9000286166746572206361636865290000002F
:10BAA000080100207463705F696E7075743A2054E9
:10BAB000494D452D57414954207063622D3E7374A2
:10BAC000617465203D3D2054494D452D57414954F1
:10BAD0000000000000010020586301203401002014
:10BAE00030010020380100207063622D3E726566CF
:10BAF000757365645F64617461203D3D204E554CF3
:10BB00004C00000000BFA07F00F0100038B1554885
:10BB10000068FDF745FD2046FFF752F953E000BFEE
:10BB2000D4F8800048B100234E49D4F880C0206981
:10BB30000A682146E047804607E00023494821463D
:10BB40000268184602F008F8804600BF08F10A00B3
:10BB500000B938E0B8F1000F04D042480068A0678F
:10BB600000BF00BF4048007800F0200020B3A06F65
:10BB700030B1A06F407B40F02000A16F48731BE004
:10BB8000A08D40F66831884202D0A08D401CA0856F
:10BB900000BFD4F8800040B100231A462146D4F8F3
:10BBA00080C02069E047804601E04FF0000800BFF8
:10BBB00008F10A0000B906E000202C490860204680
:10BBC00000F0E4F900BF002028490860254908601A
:10BBD00027484068B0B326494868FDF7E1FC0020DB
:10BBE000234948602EE000BF00BF224909688889C8
:10BBF000FBF796FD00F0040008BB1F48B0F8BC003E
:10BC0000401C81B21C48A0F8BC10B0F8B200401C27
:10BC100081B21948A0F8B21016480068008815498A
:10BC200009684988CDE9001014480068144A128850
:10BC30008118144B144A1548006802F0AFF83046DA
:10BC4000FDF7AEFC00BF00BFC1E50B48B0F8B20085
:10BC5000401C81B20848A0F8B2103046FDF7A0FCA5
:10BC600000BFB4E53401002030010020380100207D
:10BC7000586301201C010020706101202401002074
:10BC80002E010020740100207801002028010020EE
:10BC90002DE9FC41044600BF00BF00BF00BF216D7D
:10BCA000481EFBF70CFD07463B4600221146204686
:10BCB00000F0A4FA05461DB900BF00BFBDE8FC8135
:10BCC0006E680C48B0F8AC00401C0A49A1F8AC0002
:10BCD00006200021CDE90010A37A221D2146284626
:10BCE000FAF786FC2846FDF75BFC00BF00BF00BFEB
:10BCF000E4E70000706101202DE9F04106464FF0B5
:10BD00007F08002700251048046813E0607EB042D9
:10BD10000FDC607E40450CDC0C49606A0968081A3B
:10BD2000B84206D30949606A09680F1A254694F893
:10BD30001980E468002CE9D125B100BF00BF284676
:10BD4000FFF73EF8BDE8F08104010020F800002074
:10BD500070B5002600250C4804680BE00B49606AAA
:10BD60000968081AB04204D30849606A09680E1AC3
:10BD70002546E468002CF1D125B100BF00BF28465C
:10BD8000FFF71EF870BD000008010020F800002039
:10BD90007CB505464848007800F0040008B1002052
:10BDA0007CBD4548007800F01000A8B100BF00BF7E
:10BDB000424800680088414909684988CDE9001077
:10BDC0003F4800683F4A128881183F4B3F4A40482D
:10BDD000006801F0E3FF6DE03748007800F00200F2
:10BDE000002867D000BF00BF687EFEF7F1FF044661
:10BDF00064B900BF00BF3748B0F8B800401C81B23A
:10BE00003448A0F8B8104FF0FF30C9E72F48006859
:10BE10002060688B60832C48006860602748006859
:10BE20000088A0830320207625480068401CA0627B
:10BE3000A06A206321480068C089A4F860001F48F8
:10BE40000068C089A4F86200B4F86000A4F84E004D
:10BE50001B480068401E6065286920616869606150
:10BE6000287A00F08C00207200BF00BF1A480068DA
:10BE7000E0601948046002F09FFB00BF01201749F1
:10BE8000087000BF204600F0AFFAE08E211DFFF7DA
:10BE9000A3F9E08612212046FFF7B6F906462EB137
:10BEA00000212046FEF7F6FE304679E7204600F0F6
:10BEB0006DF875E7002073E72C0100201C010020BD
:10BEC000240100202E0100207401002078010020B0
:10BED00028010020706101200401002010010020D1
:10BEE0000448006804490968084402490860084693
:10BEF0000068704714010020F800002070B5054666
:10BF00000C4629698889FBF70BFC00F0010020B181
:10BF1000204601F0F3FF002433E013E02169888913
:10BF2000FBF7FEFB00F0010038B10120FBF7D4FB6A
:10BF30002969898908432969888126462468304609
:10BF400001F0CFFF4CB1206940682189084429895C
:10BF50000D4A12681144081AE0D594B128890A499B
:10BF60000968084421694968401A002809DD2069E8
:10BF7000808805490988401A288129896868FDF761
:10BF8000E9FC2C6070BD0000240100202DE9F04781
:10BF9000044600BF207E012808D100BF40F28B3349
:10BFA00075A27BA184A0F4F721FB00BF00BF8C48E1
:10BFB0000068A04202D10020BDE8F087B4F860001C
:10BFC000B4F84C10884202DAB4F8600001E0B4F82A
:10BFD0004C008146E56EA07F00F0020070B14DB1CB
:10BFE00029694868FBF796FBA16C401A2989084427
:10BFF000484503D9204601F08DFFDDE7266F26B1C5
:10C0000000E0366830680028FBD19DE000BF296958
:10C010008889FBF785FB00F0040040B100BF4FF4B6
:10C02000717355A26FA164A0F4F7E0FA00BF00BFDE
:10C03000206FA0B1A07F00F0440080B9E06E38B15D
:10C04000E06E006858B9E06E0089E18E884206DA39
:10C05000B4F8660018B1B4F868000C2801DB0120C0
:10C0600000E0002020B9A07F00F0A00000B977E038
:10C070002868E066207E02280BD01020FBF72CFBFE
:10C0800029698989084329698881A07F20F00300F4
:10C09000A0772146284600F033F929694868FBF764
:10C0A00039FB074629698889FBF73AFB00F0030052
:10C0B00008B1012000E000202989084407EB0008AE
:10C0C000206DB0EB080001D5C4F85080296988893B
:10C0D000FBF726FB00F0030008B1012000E0002080
:10C0E0002989084400282BDD00202860206F10B922
:10C0F00025672E4627E029694868FBF70BFB0746B2
:10C1000031694868FBF706FB381A16D504F1700749
:10C1100000E03F68386860B1396809694868FBF732
:10C12000F9FA824629694868FBF7F4FABAEB00008D
:10C13000EFD4386828603D6005E03560366802E07D
:10C14000284601F0CEFEE56E55B129694868FBF737
:10C15000E1FAA16C401A2989084448457FF656AF98
:10C1600000BFE06E10B90020A4F86A00A07F20F0A4
:10C170008000A07700201FE74C5749505C73726322
:10C180005C636F72655C7463705F6F75742E6300BF
:10C19000646F6E27742063616C6C207463705F6FD2
:10C1A000757470757420666F72206C697374656E37
:10C1B0002D70636273000000417373657274696F60
:10C1C0006E206661696C65643A2025732C2066696F
:10C1D0006C652025732C206C696E652025640A002F
:10C1E00038010020525354206E6F742065787065BA
:10C1F0006374656420686572652100002DE9F0476D
:10C2000005460E469046994606F11400404481B218
:10C2100000220120FCF7AEFC0746002F35D000BFFE
:10C22000798906F11400814207DA00BF642318A25D
:10C230001DA129A0F4F7DAF900BF00BF7C68688B64
:10C24000FBF74AFA2080A88BFBF746FA6080C4F817
:10C250000490A86AFBF733FAA060B246F11706EB28
:10C2600091718910491D102242EA013188B2FBF711
:10C2700033FAA081E88DFBF72FFAE08100202082BD
:10C280006082E98DA86A084428633846BDE8F087D3
:10C290004C5749505C7372635C636F72655C746386
:10C2A000705F6F75742E6300636865636B207468DC
:10C2B00061742066697273742070627566206361B0
:10C2C0006E20686F6C64207374727563742074637D
:10C2D000705F686472000000417373657274696F07
:10C2E0006E206661696C65643A2025732C2066694E
:10C2F0006C652025732C206C696E652025640A000E
:10C300002DE9FC4705460C46A06AFBF7D8F92969D8
:10C310008860E08DFBF7E0F92969C881E18DA06AAA
:10C3200008442063286900F11408287B00F001000C
:10C3300070B1211D40F2B450FEF74EFF814649F026
:10C340000170FBF7BCF9C8F8000008F1040800BF51
:10C35000B4F93400401C08B90020A0860CB1206854
:10C3600040B9201DFAF712FF06460EB9BDE8FC875A
:10C3700070682060A06B48B919480068A0632969FB
:10C380004868FBF7C7F9E06300BF00BF00BF00BF0C
:10C39000288A69688988401A87B268684089C01B02
:10C3A0006968488168680089C01B69680881696894
:10C3B000286948600020296908820A48B0F8AC0062
:10C3C000401C0849A1F8AC000621607ACDE90001C3
:10C3D000A37A221D21466868FAF70AF900BFC5E76B
:10C3E000F8000020706101202DE9F04780463148B7
:10C3F000006800F114052F4909688889FBF790F956
:10C400000521B1EB203F52DA2A4909688889FBF7F8
:10C4100087F90521C1EB20304FF6FF7101EA800654
:10C42000002442E015F80490B9F1000F06D0B9F1EC
:10C43000010F07D0B9F1020F29D108E000BF00BFFA
:10C44000BDE8F087601C84B200BF00BF2CE000BFD5
:10C4500000BF601C285C042802D1201DB04202DD10
:10C4600000BF00BFECE7E01C295CA01C285C41EA8F
:10C47000002740F2B450874200DC17B940F2B450B4
:10C4800000E03846A8F83600201D84B20CE000BF5A
:10C4900000BF601C285C10B900BF00BFD0E7601C63
:10C4A000285C204484B200BF00BFB442BADB00BFA6
:10C4B000C6E700001C01002010B50446207E0028BD
:10C4C0002ED0207E0A282BD0207E012828D000BF25
:10C4D00000BFA06F30B100BF00BFA06FFDF760F8D4
:10C4E0000020A067E06E08B100BF00BF206F08B158
:10C4F00000BF00BF606F08B100BF00BF606F01F0F8
:10C50000FDFC00206067401EA086E06E01F0F6FC96
:10C51000206F01F0F3FC0020E0662067A4F86A00B9
:10C5200010BD000070B505460C4600BF2868A0424B
:10C5300003D12868C068286017E02F492868086080
:10C540000EE02D480068C068A04204D12A49E06886
:10C550000968C86008E028480068C0682649086083
:10C56000254800680028ECD100BF0020E06000BF33
:10C570002046FFF7A1FF207E0A280DD0207E01284B
:10C580000AD0A07F00F0010030B1A07F40F002008F
:10C59000A0772046FFF7FAFC207E012826D000BFB6
:10C5A000E06E40B100BF40F2116314A218A11EA0BA
:10C5B000F4F71CF800BF00BF00BF206F40B100BF00
:10C5C00040F212630DA222A117A0F4F70FF800BFEA
:10C5D00000BF00BF606F40B100BF40F2146307A20C
:10C5E00022A111A0F4F702F800BF00BF00202076BE
:10C5F00000BF00BF70BD00000C0100204C57495027
:10C600005C7372635C636F72655C7463702E63004D
:10C61000756E73656E74207365676D656E747320D7
:10C620006C65616B696E6700417373657274696FE5
:10C630006E206661696C65643A2025732C206669FA
:10C640006C652025732C206C696E652025640A00BA
:10C65000756E61636B6564207365676D656E747379
:10C66000206C65616B696E67000000006F6F736519
:10C6700071207365676D656E7473206C65616B699D
:10C680006E6700002DE9FC4104464FF000080026CB
:10C69000F548007800F0040000283FD0207E0228F2
:10C6A00007D1F249206D0968884211D14FF0010885
:10C6B0000EE0EF49A06A0968081A09D4A18DA06AA2
:10C6C0000844EB490968081A002801DC4FF001080A
:10C6D000B8F1000F1CD000BF00BF00BF207E40B9E2
:10C6E00000BF40F25723E3A2E8A1F0A0F3F77EFFDA
:10C6F00000BF00BFF748007840F00800F549087017
:10C70000A07F20F00100A0776FF00A00BDE8FC8157
:10C7100000BF00BF00BF00BF0020F7E7D24800788D
:10C7200000F0020068B1207E02280AD0207E032893
:10C7300007D000BFA07F40F00200A07700BF00201C
:10C74000E4E7A07F00F0100010B9E34800686062E1
:10C75000002084F896002046FFF746FE207E801ECB
:10C76000082874D2DFE800F004ACFDFCFBFAF9F80D
:10C7700000BF00BFBC48007800F01000002867D060
:10C78000B948007800F002000028F8D0216F09694C
:10C790004868FAF7BFFF401CB4490968884276D15F
:10C7A0002834E08F401CE087B1480068401C2060BE
:10C7B0002068A060AD4800682062C8480068C08951
:10C7C0002087C6480068C0896087A9480068401E65
:10C7D000E062042004F8100CE089283C211DFEF7DB
:10C7E000FBFCE086E08E00EB80004FF6FF7101EA73
:10C7F0004000A4F84E00B4F84C00012802D1E08EAD
:10C80000400000E0E08EA4F84C0000BFB4F86800DF
:10C81000002808DC00BF4FF4237396A2B0A1A3A0A8
:10C82000F3F7E4FE00BF00BFB4F86800401EA4F8B0
:10C83000680000BF00BF256F28682067284601F008
:10C8400050FB206F28B94FF0FF30A08605E048E28A
:10C850001DE00020A08684F8460000BFD4F88400C4
:10C8600038B100222146D4F8843020699847064622
:10C8700000E0002600BF06F10A0010B96FF00900C1
:10C8800044E700BFA07F40F00200A07717E07648A1
:10C89000007800F0100090B19048006800888F493F
:10C8A00009684988CDE9001071480068924A1288E9
:10C8B0008118924B924A6D48006801F06FFA11E2BC
:10C8C0006948007800F01000002871D0A06C401C6E
:10C8D00066490968081A56D46449206D0968081A1F
:10C8E000002850DC0420207600BF00BF00BF606934
:10C8F00040B900BF40F2B3235EA282A16BA0F3F760
:10C9000075FE00BF00BF00BF606930B10022214644
:10C91000D4E904039847064601E06FF00D0600BF16
:10C9200046B106F10A0010B12046FEF749FA6FF051
:10C930000900EBE6B4F84C70204600F031FAB4F888
:10C94000640020B1B4F86400401EA4F86400012F14
:10C9500008D1E08E400006E0ADE160E137E011E192
:10C9600047E035E0E08EA4F84C005A48007800F02B
:10C97000200038B100BFA07F40F00200A07700BFC8
:10C980000720207622E0554800680088534909684E
:10C990004988CDE9001036480068574A1288811846
:10C9A000564B574A3148006801F0F8F90EE0FFE7AE
:10C9B0002D48007800F0020040B1A06A401E2C49CA
:10C9C0000968884202D1204601F062F98AE100BF7D
:10C9D000204600F0E5F93F48007800F0200038B12B
:10C9E00000BFA07F40F00200A07700BF07202076A4
:10C9F00078E1204600F0D4F93648007800F02000B5
:10CA000078B31948007800F0100058B31749206D2A
:10CA10000968884226D100BF00BF00BFA07F40F058
:10CA20000200A07700BF2046FFF746FD00BF00BF11
:10CA300039480068A04205D137480068C0683649C7
:10CA4000086077E034480068344908606DE0334896
:10CA50000068C068A04263D13049E0680968C860D6
:10CA600067E082E078E05BE02C01002028010020F4
:10CA7000240100204C5749505C7372635C636F72F1
:10CA8000655C7463705F696E2E6300007463705F31
:10CA9000696E7075743A207063622D3E73746174B0
:10CAA0006520213D20434C4F53454400417373653D
:10CAB0007274696F6E206661696C65643A202573D3
:10CAC0002C2066696C652025732C206C696E6520AE
:10CAD00025640A0030010020F80000201C0100201D
:10CAE0007063622D3E736E645F71756575656C650C
:10CAF0006E203E20300000002E0100207401002036
:10CB0000780100207063622D3E616363657074205C
:10CB1000213D204E554C4C00040100200C0100200A
:10CB200072480068C0687149086070480068002851
:10CB30008DD100BF0020E06000BF01206C4908706B
:10CB400000BF0A20207600BF6A480068E06069489C
:10CB5000046001F031FD14E000BFA07F40F002004E
:10CB6000A07700BF082020760BE06348007800F033
:10CB7000100030B16149206D0968884201D106205A
:10CB80002076AFE0204600F00BF95D48007800F019
:10CB90002000E8B300BF00BF00BFA07F40F002004C
:10CBA000A07700BF2046FFF787FC00BF00BF5548B5
:10CBB0000068A04205D153480068C0685149086028
:10CBC00018E050480068494908600EE0474800688E
:10CBD000C068A04204D14549E0680968C86008E01F
:10CBE00042480068C0684149086040480068002821
:10CBF000ECD100BF0020E06000BF01203C4908707C
:10CC000000BF0A20207600BF3A480068E06000E0DC
:10CC100004E03848046001F0CFFC00BF62E0204629
:10CC200000F0BEF83448007800F01000F0B333494B
:10CC3000206D096888423DD100BF00BF2046FFF744
:10CC40003BFC00BF00BF2F480068A04205D12D4823
:10CC50000068C0682B49086018E02A48006823492A
:10CC600008600EE021480068C068A04204D11F4956
:10CC7000E0680968C86008E01C480068C0681B4993
:10CC800008601A4800680028ECD100BF0020E0606E
:10CC900000BF01201649087000BF0A20207600BF9F
:10CCA00014480068E0601348046000E002E001F00E
:10CCB00083FC00BF16E0204600F072F80E480078B2
:10CCC00000F0100060B10D49206D0968884207D15D
:10CCD00000BF00BF0A48007840F010000849087003
:10CCE00000E000BF00BF002010E500000C010020A4
:10CCF00010010020080100202C0100202801002044
:10CD000030010020040100202DE9F0410446A06F0D
:10CD1000477BA66F0020A06700BF00BF00BFD4F80C
:10CD2000800040B1002332462146D4F880C02069FB
:10CD3000E047054606E0002332462146184600F04B
:10CD40000BFF054600BF05BB07F0200030B3A08DE8
:10CD500040F66831884202D0A08D401CA08500BFFB
:10CD6000D4F8800040B100231A462146D4F880C090
:10CD70002069E047054600E0002500BF05F10A00F4
:10CD800060B96FF00900BDE8F08105F10A0020B933
:10CD900000BF00BF6FF00900F5E7A6670020F2E7CB
:10CDA0002DE9FE4F04460020009000BF207E04289D
:10CDB00008DA00BF4FF45873EAA2F0A1F6A0F3F727
:10CDC00015FC00BF00BFFE48007800F010000028EE
:10CDD0007ED0B4F86000A16D08440290F949606DFE
:10CDE0000968401A15D4F749606D0968884204D172
:10CDF000F549A06D0968401A0BD4F349A06D096884
:10CE0000884233D1F1480068C089B4F86010884284
:10CE10002CDDEE480068C089A4F86000B4F8620018
:10CE2000EA490968C989884204DAE8480068C08983
:10CE3000A4F86200E34800686065E3480068A06504
:10CE4000B4F8600048B994F8950068B9002084F8F7
:10CE50009400012084F8950006E094F895000028DD
:10CE600002DD002084F8950000BF00BFD649A06C09
:10CE70000968081A002848DC0020A4F86400D44897
:10CE8000008830BBB4F86010A06D01440298814264
:10CE900035D1B4F93400002831DBCB49A06C0968E6
:10CEA00088422CD10120009094F84700401CC0B269
:10CEB00094F84710884204DD94F84700401C84F839
:10CEC000470094F84700032812DDB4F84C0001E055
:10CED000F8E10CE0E18E084480B2B4F84C108842CE
:10CEE0000DDDB4F84C00E18E0844A4F84C0006E0D7
:10CEF00094F84700032802D1204600F0F6FE00987F
:10CF0000002801D184F84700D3E0A06C401CAE4952
:10CF10000968081A7ED4AC49206D0968081A0028EF
:10CF200078DCA07F00F0040038B1A07F20F004007E
:10CF3000A077B4F84E00A4F84C0000202834A07765
:10CF4000608BB4F9181000EBE10000B2A083208CD4
:10CF50009D490988081AA087E08FA18F0844E087BF
:10CF60000020E07798480068206214F8100C283CF4
:10CF7000042827DBB4F84C00B4F84E10884210DACD
:10CF8000B4F84C00E18E084480B2B4F84C108842EA
:10CF900005DDB4F84C00E18E0844A4F84C0000BF55
:10CFA00010E034F8361F4943E28A91FBF2F1114454
:10CFB00088B2E18A363C814201DAA4F84C0000BF15
:10CFC00000BF00BF00BF00BF49E000BF00BF256F2A
:10CFD000206F0068206700BF00BF00BF6868FCF7D3
:10CFE0000CF9B4F86810884208DD00BF4FF47F7375
:10CFF0005CA278A168A0F3F7F9FA00BF00BFB4F80B
:10D00000640068B129698889FAF78AFB00F0010099
:10D0100030B100E04AE0B4F86400401EA4F86400B7
:10D020006868FCF7EAF8B4F86810081AA4F8680011
:10D03000284600F056FF00BF00BFB4F8680070B18A
:10D0400000BF206F50B9E06E40B900BF40F2074307
:10D0500044A26AA150A0F3F7C9FA00BF00BF206F35
:10D06000C8B1216F09694868FAF754FB8346216FFC
:10D0700009698889FAF754FB00F0030008B1012020
:10D0800000E00020216F0989084458444E4909688E
:10D09000401A002899DD206F18B94FF0FF30A086A4
:10D0A00001E00020A0860020E07702E00020A4F844
:10D0B00064004CE000BF00BFE56EE06E0068E06613
:10D0C000E06E10B90020A4F86A0000BF00BF00BFE6
:10D0D0006868FCF792F8B4F86810884208DD00BF71
:10D0E00040F22E431FA23BA12BA0F3F77FFA00BF13
:10D0F00000BFB4F8640058B129698889FAF710FBB9
:10D1000000F0010020B1B4F86400401EA4F86400EF
:10D110006868FCF772F8B4F86810081AA4F8680098
:10D12000284600F0DEFE00BF00BFB4F8680070B112
:10D1300000BF206F50B9E06E40B900BF40F23743E6
:10D1400008A22EA114A0F3F751FA00BF00BFE06EB1
:10D1500030B1E16E09694868FAF7DCFA83465DE0B0
:10D1600076E000004C5749505C7372635C636F72E9
:10D17000655C7463705F696E2E6300007463705F3A
:10D18000726563656976653A2077726F6E672073A2
:10D190007461746500000000417373657274696F97
:10D1A0006E206661696C65643A2025732C2066697F
:10D1B0006C652025732C206C696E652025640A003F
:10D1C0002C01002024010020280100201C01002047
:10D1D0002E0100207063622D3E736E645F71756571
:10D1E00075656C656E203E3D20706275665F636C90
:10D1F000656E286E6578742D3E7029007463705FCB
:10D20000726563656976653A2076616C6964207140
:10D2100075657565206C656E67746800E16E0969F7
:10D220008889FAF77DFA00F0030008B1012000E0D8
:10D230000020E16E098908445844FE490968081A2B
:10D2400006D4FC49206D0968081A00287FF732AF20
:10D2500000BF00BFA06BA8B3F649E06B0968401A95
:10D2600030D5208FF4490988081A0FFA80FA00BFD8
:10D2700000BF34F9400FAAEBE0000FFA80FA2088D3
:10D28000504400B224F84009BAF1000F03DACAF1A1
:10D2900000000FFA80FA4034B4F90200AAEBA000B3
:10D2A0000FFA80FA6088504400B260806088B4F958
:10D2B000001000EBE10000B2A080403C00BF00BFC6
:10D2C0000020A063DD48008800287DDD207E07283F
:10D2D0007ADADB48A16A0068401C081A75D4D8487D
:10D2E000A16A0068D54A12881044401E081A002816
:10D2F0006BDCD349A06A0968A0EB0108D148D0F8DB
:10D30000049000BF406850B900BF40F29643AFF2AE
:10D31000AC12CDA1AFF28010F3F768F900BF00BFE7
:10D3200000BF47F6FF7080450ADB00BF40F297431D
:10D33000AFF2D012C8A1AFF2A010F3F757F900BFB7
:10D3400000BFC0484068408940453FDA00BFBD4843
:10D350004068008940450ADA00BF40F29943AFF2C5
:10D36000FC12C1A1AFF2D010F3F740F900BF00BF2B
:10D37000B44840680089A0EB080080B201900BE03F
:10D38000B9F80A00A8EB00080198A9F808000020E5
:10D39000A9F80A00D9F80090B9F80A004045EFDB77
:10D3A000C8F1000001B24846FCF7F8F918B300BF15
:10D3B00000BF40F2A643AFF25422AFA1AFF2282043
:10D3C000F3F714F900BF16E063E324E09D494868D1
:10D3D000C8F1000109B2FCF7E1F960B100BF00BF7C
:10D3E00040F2AB43AFF28422A3A1AFF25420F3F793
:10D3F000FDF800BF00BF93480089218D904A128834
:10D40000891A401A8F4908818D49A06A08608D49A0
:10D41000096948600CE08A49A06A0968081A07D5BA
:10D4200000BF00BF00BFA07F40F00200A07700BF98
:10D430008349A06A0968081A7ED4A18DA06A0844AD
:10D44000401E7F490968081A002875DC7C49A06ADB
:10D450000968884271D17B4909698889FAF760F9BE
:10D4600000F0030008B1012000E00020754909899F
:10D47000084472490880A08D0988884258DA00BFA4
:10D4800000BF704909698889FAF74AF900F001007C
:10D4900098B16C4909698889FAF742F900F03E0BA6
:10D4A0005846FAF719F96749096989894CF2FF0268
:10D4B00011400843634909698881A08D6149088149
:10D4C00009698889FAF72CF900F0020020B15D485B
:10D4D0000089401E5B4908815A4A11895068FCF74F
:10D4E00039FA584909698889FAF71AF900F00300EE
:10D4F00008B1012000E000205249098908444F4941
:10D50000088000BFA18DA06A08444D4909684B4AB4
:10D510001288114488420AD000BF40F2D743AFF2CC
:10D52000BC325AA1AFF29030F3F760F800BF00BFF1
:10D53000606F002819D001E0A7E2ADE14149096917
:10D540008889FAF7EDF800F0010078B100BF00BF5C
:10D5500008E0D4F874B0606F00686067584600F067
:10D56000C0FC00BF606F0028F3D1CFE0656F2DE0F5
:10D5700029698889FAF7D4F800F0010008B3314925
:10D5800009698889FAF7CCF800F00200C8B90120CF
:10D59000FAF7A2F82B4909698989084329490969D9
:10D5A0008881284909698889FAF7BAF800F00300E8
:10D5B00008B1012000E000202249098908441F49E0
:10D5C00008802F462D68384600F08BFC55B128693D
:10D5D0004068298908441A490968184A1288114480
:10D5E000081AC5D525B316480068144909880844A7
:10D5F00029694968401A00281ADD2869808810497D
:10D600000988401A0F49088109698889FAF788F85A
:10D6100000F0020020B10B480089401E0949088132
:10D62000084A11895068FCF795F90649096949E0EB
:10D630006BE0000028010020F80000202E010020EF
:10D640002401002058630120696E7365672E7020E5
:10D65000213D204E554C4C00696E73616E65206F04
:10D6600066667365742100007062756620746F6F62
:10D670002073686F72742100706275665F686561FF
:10D68000646572206661696C656400007463705F34
:10D69000726563656976653A207365676D656E745A
:10D6A000206E6F74207472696D6D656420636F7293
:10D6B000726563746C7920746F207263765F776E25
:10D6C000640A00008889FAF72BF800F0030008B11B
:10D6D000012000E00020FA4909890844F94908803E
:10D6E00000BFF948006809880844296949688842E8
:10D6F0000AD000BF40F20753AFF29852F3A1AFF245
:10D700006850F2F773FF00BF00BF6567EE4800681E
:10D71000EC4909880844A06200BFA08DE949098846
:10D7200088420ADA00BF40F21253AFF2C852F6A1A3
:10D73000AFF29C50F2F75AFF00BF00BFA08DE14945
:10D740000988401AA085204600F0BAFFDC484068EE
:10D750000089002806DDDA484068F34908600020A7
:10D76000D7494860D64909698889F9F7D9FF00F097
:10D77000010038B100BF00BFEC48007840F0200045
:10D78000EA4908706DE0666F606F00694068CE49D5
:10D79000086031698889F9F7C3FF00F0030008B118
:10D7A000012000E0002031890844A16A0844A062F9
:10D7B00000BF31698889F9F7B3FF00F0030008B1B1
:10D7C000012000E0002031890844A18D88420ADD53
:10D7D00000BF40F23653AFF27462D5A1AFF2486099
:10D7E000F2F704FF00BF00BF31698889F9F798FF9D
:10D7F00000F0030008B1012000E000203189084456
:10D80000A18D081AA085204600F05AFF7068008993
:10D8100000280DDDC448006828B1C348716800685D
:10D82000FBF72EFC02E0C0497068086000207060C1
:10D8300031698889F9F774FF00F0010060B100BF19
:10D8400000BFBA48007840F02000B8490870207E38
:10D85000042801D10720207630686067304600F048
:10D8600040FB606F28B1606F00694068A16A884220
:10D8700089D000BFA07F00F0010040B1A07F20F060
:10D880000100A077A07F40F00200A07703E0A07F16
:10D8900040F00100A07710E1204600F03BFB606FF4
:10D8A00020B9874800F00AFB606706E10027656F32
:10D8B000E7E02869406884490968884213D18048B4
:10D8C0000089298988420DDD7D4800F0F7FA064677
:10D8D0003EB10FB13E6000E0666729463046FEF774
:10D8E0000DFBD1E0D0E087B9286940687649096826
:10D8F000081A37D5724800F0E1FA064626B1666785
:10D9000029463046FEF7FAFABEE038694068401C06
:10D910006D490968081A25D428694068401E6A497B
:10D920000968081A00281DDC654800F0C7FA064699
:10D93000BEB1386940683989084463490968401AAA
:10D94000002809DD386980885F490988081A38810C
:10D9500039897868FBF7FEFF3E6029463046FEF7BE
:10D96000CDFA91E0286800287DD1286940685649A1
:10D970000968081A002876DD29698889F9F7D0FE38
:10D9800000F0010000B17FE04D4800F097FA2860F8
:10D990002868E8B328694068298908444A49096821
:10D9A000401A002809DD2869808847490988081A33
:10D9B000288129896868FBF7CDFFA18DA06A014401
:10D9C00040480088404A12681044814256D200BF45
:10D9D00000BF296809698889F9F7A2FE00F00100F3
:10D9E00098B1296809698889F9F79AFE00F03E0B19
:10D9F0005846F9F771FE2968096989894CF2FF02D6
:10DA000011400843296809698881208DA18D00E0B3
:10DA100034E008442C490988401A296808812A689A
:10DA200011895068FBF796FF296809698889F9F719
:10DA300077FE00F0030008B1012000E00020296813
:10DA4000098908441F49088000BFA18DA06A0844C5
:10DA50001D4909681B4A1288114488420DD000BF35
:10DA600040F2C95300E00AE0AFF60812AFF2E43129
:10DA7000AFF6DC00F2F7BAFD00BF00BF04E02F46AE
:10DA80002D68002D7FF415AF17E0204600F042FA14
:10DA900013E00D49A06A0968081A08D4A18DA06A8C
:10DAA0000844401E08490968081A002805DD00BF1F
:10DAB000A07F40F00200A07700BFBDE8FE8F00000D
:10DAC000586301202E010020240100207463705F40
:10DAD000726563656976653A207365676D656E7416
:10DAE000206E6F74207472696D6D656420636F724F
:10DAF000726563746C7920746F206F6F7365712029
:10DB000071756575650A00007463705F72656365A1
:10DB10006976653A207463706C656E203E2072638E
:10DB2000765F776E640A0000340100203001002027
:10DB30007463705F726563656976653A206F6F73B1
:10DB40006571207463706C656E203E207263765F31
:10DB5000776E640A000000002DE9F04107460D468B
:10DB600014461E463CB12189284600F00DF8204697
:10DB7000FBF716FD05E026B92846FDF79DF9BDE83F
:10DB8000F0810020FBE7000070B504460D4600BFA1
:10DB9000207E012808D100BF4FF41A731AA21FA1DA
:10DBA00028A0F2F723FD00BF00BF00BFA08D4FF6F5
:10DBB000FF71081AA84208DA00BF40F26A2312A2D5
:10DBC0002AA120A0F2F712FD00BF00BFA08D2844BB
:10DBD000A085A08D40F66831884201DD0846A08509
:10DBE000204600F06DFD064640F2DA20864208DB52
:10DBF00000BFA07F40F00200A07700BF2046FEF7E4
:10DC0000C5F900BF00BF70BD4C5749505C737263CB
:10DC10005C636F72655C7463702E6300646F6E2763
:10DC2000742063616C6C207463705F7265637665E9
:10DC30006420666F72206C697374656E2D70636208
:10DC400073000000417373657274696F6E206661C2
:10DC5000696C65643A2025732C2066696C65202503
:10DC6000732C206C696E652025640A007463705FF4
:10DC70007265637665643A206C656E20776F756CAB
:10DC8000642077726170207263765F776E640A0039
:10DC90002DE9F0410446206F08B9BDE8F081256FF9
:10DCA0002868206704F16C0600E03668306858B1D7
:10DCB000316809694868F9F72DFD07462969486800
:10DCC000F9F728FD381AF0D43068286035602868E4
:10DCD00010B90020A4F86A0094F84600401C84F8AB
:10DCE00046000020A06300BFD7E710B50446206FB0
:10DCF000B0B3A07F00F0040090BB00BF00BF20467F
:10DD0000FFF7C6FFB4F84C00B4F86010884207DD96
:10DD1000B4F8600000EBD0714910A4F84E1006E092
:10DD2000B4F84C0000EBD0714910A4F84E10B4F8D0
:10DD30004E00E18E4900884206DA00BF00BFE08E47
:10DD40004004000CA4F84E00B4F84E00E18E03220B
:10DD500002FB0100A4F84C00A07F40F00400A07773
:10DD600010BD70B50446206F00B970BD256F00E08E
:10DD70002D6828680028FBD1E06E2860206FE066DF
:10DD80000020206794F84600401C84F846000020DC
:10DD9000A0632046FEF7FAF800BFE6E72DE9FC5F36
:10DDA00081460E4617469846DDE90CAB0022142149
:10DDB0000120FAF7DFFE05461DB900BF00BFBDE830
:10DDC000FC9F00BF6889142808D200BF40F2B64308
:10DDD0001DA223A12EA0F2F709FC00BF00BF6C68B2
:10DDE0005046F9F779FC20805846F9F775FC6080B9
:10DDF0004846F9F764FC60603046F9F760FCA060C3
:10DE000045F21400F9F768FCA08146F60B00E081AA
:10DE10000020208260822848B0F8AC00401C2649CF
:10DE2000A1F8AC0006200021FF234246CDE90010F6
:10DE300039462846F8F7DCFB2846FBF7B1FB00BF64
:10DE400000BF00BFBBE700004C5749505C737263D2
:10DE50005C636F72655C7463705F6F75742E6300D2
:10DE6000636865636B20746861742066697273749B
:10DE700020706275662063616E20686F6C64207329
:10DE80007472756374207463705F6864720000005C
:10DE9000417373657274696F6E206661696C656445
:10DEA0003A2025732C2066696C652025732C206C24
:10DEB000696E652025640A007061012070B5054611
:10DEC0000420FAF725FA04460CB9002070BD14228C
:10DED00029462046F2F75CFA6068FBF715FE2046FB
:10DEE000F4E710B5044644B1606810B16068FBF710
:10DEF00057FB21460420FAF75FF910BD70B50446C0
:10DF000005E025682046FFF7ECFF2C4600BF002CFB
:10DF1000F7D170BD2DE9FC4104460027206DF9F7CB
:10DF2000CEFB80464346002239462046FEF766F97E
:10DF3000054625B900BF00BFB81EBDE8FC816E686C
:10DF400000BF00BFA07F20F00300A0770621607A09
:10DF5000CDE90001A37A221D21462846F8F748FBA7
:10DF60002846FBF71DFB0020E7E770B50446E06E8E
:10DF7000D8B1E56E00E02D6828680028FBD129693A
:10DF80008889F9F7CDFB00F0070068B90120F9F79F
:10DF9000A3FB29698989084329698881A07F40F00A
:10DFA0002000A077002070BD00BF01212046FDF7B2
:10DFB0002BF9F8E72DE9FE4F00200290E7480068B2
:10DFC000401CE6490860E6480078401CE4490870B7
:10DFD00000BF0025E34804680CB900BF00BFACE1F6
:10DFE00000BF00BF00BF207E40B900BF40F22A330F
:10DFF000DDA2E2A1ECA0F2F7F9FA00BF00BF00BF7A
:10E00000207E012808D100BF40F22B33D6A2F0A118
:10E01000E5A0F2F7EBFA00BF00BF00BF207E0A28A0
:10E0200008D100BF4FF44B73CFA2F4A1DEA0F2F7EA
:10E03000DDFA00BF00BF94F82100C9490978884281
:10E0400001D1E46879E1C648007884F8210000260F
:10E05000B146207E022807D194F84600062803D155
:10E06000701CC6B200BF72E094F846000C2803D1C1
:10E07000701CC6B200BF6AE094F8950000281BDD52
:10E0800014F8940F401C207021786078943C401E56
:10E09000E64A105C81425ADB002084F8940094F830
:10E0A0009500072804D294F89500401C84F8950048
:10E0B000204600F065FB4AE0B4F93400002803DB99
:10E0C000A08E401C00B2A086206FE8B3B4F93400E3
:10E0D000B4F9441088423ADB00BF00BF207E02281A
:10E0E0000CD040346088B4F9001000EBE100A17955
:10E0F000CF4A515C884000B2A080403C0020A086FE
:10E10000B4F84C00B4F86010884202DAB4F84C005D
:10E1100001E0B4F8600082464FEA6A00A4F84E00BD
:10E12000B4F84E00E18EB0EB410F06DAE08E4FF608
:10E13000FF7101EA4000A4F84E00E08EA4F84C0004
:10E1400000BF00BF204600E001E0FFF70AFE207E8E
:10E1500006280DD1A07F00F0100048B17F49606A09
:10E160000968081A282803D9701CC6B200BF00BF6E
:10E17000207A00F00800C0B3207E042802D0207E60
:10E18000072832D1AB49D4F8900008444FF4FA7113
:10E19000B0FBF1F0714A616A1268511A884208D2E4
:10E1A00000BF00BF701CC6B209F1010000F0FF09FA
:10E1B0001BE094F8961042F29F4211FB02F1D4F852
:10E1C000900000EBC1004FF4FA71B0FBF1F0634A2C
:10E1D000616A1268511A884207D22046FDF758FD3D
:10E1E00094F89600401C84F89600606F88B15B49F3
:10E1F000606A0968081AB4F9441001EB4101B0EBF8
:10E20000410F06D3606FFFF779FE0020606700BF03
:10E2100000BF207E032809D15049606A0968081AA6
:10E22000282803D9701CC6B200BF00BF207E092871
:10E2300009D14A49606A0968081AF02803D9701C94
:10E24000C6B200BF00BF002E4FD02046FEF734F903
:10E250008DB100BF43480068844208D100BF40F23E
:10E26000BA3341A274A150A0F2F7C0F900BF00BFB9
:10E27000E068E86011E000BF3A480068A04208D0BA
:10E2800000BF40F2BE3338A276A147A0F2F7AEF944
:10E2900000BF00BF3349E0680860B9F1000F09D042
:10E2A000A08B618BCDE90010231D2246A16A206D51
:10E2B000FFF774FDD4F88C80D4F810B02746E468DA
:10E2C00039460220F9F778FF00207149087000BF35
:10E2D000B8F1000F03D06FF009015846C04700BFE6
:10E2E0006B48007800B174E626E02546E468E87FD4
:10E2F000401CE877E87F95F8201088421CDB00205E
:10E30000E87700BF00BF6249087000BFD5F88800F9
:10E3100030B12946D5F8882028699047029001E05D
:10E320000020029000BF5A48007800B151E60298E0
:10E3300010B92846FDF72AFE00BF002C7FF450AE2E
:10E34000002554480468EEE000BF207E0A2804D06F
:10E3500000BF40F2EE3304A29EE0A3E0F8000020EC
:10E3600012010020040100204C5749505C73726375
:10E370005C636F72655C7463702E63007463705FBE
:10E38000736C6F77746D723A20616374697665207F
:10E390007063622D3E737461746520213D20434C8F
:10E3A0004F5345440A000000417373657274696FEE
:10E3B0006E206661696C65643A2025732C2066695D
:10E3C0006C652025732C206C696E652025640A001D
:10E3D0007463705F736C6F77746D723A20616374ED
:10E3E000697665207063622D3E73746174652021C7
:10E3F0003D204C495354454E0A0000007463705F41
:10E40000736C6F77746D723A2061637469766520FE
:10E410007063622D3E737461746520213D20544900
:10E420004D452D574149540A00000000B90A010822
:10E43000AC0A0108B84C0A007463705F736C6F77A4
:10E44000746D723A206D6964646C65207463702029
:10E45000213D207463705F6163746976655F7063EA
:10E46000627300007463705F736C6F77746D723ADF
:10E4700020666972737420706362203D3D2074636E
:10E48000705F6163746976655F706362730000003A
:10E49000100100200801002025A1AFF2F400F2F7DE
:10E4A000A5F800BF00BF00262D49606A0968081A58
:10E4B000F02801D9701CC6B2002E32D02046FDF7DC
:10E4C000FBFF9DB100BF2748006884420AD100BF0E
:10E4D00040F2FE33AFF2701223A1AFF23410F2F724
:10E4E00085F800BF00BFE068E86013E000BF1D488A
:10E4F0000068A0420AD000BF40F20243AFF2981277
:10E5000023A1AFF25C10F2F771F800BF00BF15490C
:10E51000E06808602746E46839460220F9F74CFEB7
:10E5200001E02546E468002C7FF40EAFBDE8FE8FC5
:10E530007463705F736C6F77746D723A2054494DD9
:10E54000452D57414954207063622D3E73746174A8
:10E5500065203D3D2054494D452D5741495400000B
:10E56000F8000020080100207463705F736C6F77FF
:10E57000746D723A206D6964646C652074637020F8
:10E58000213D207463705F74775F70636273000075
:10E590007463705F736C6F77746D723A2066697222
:10E5A000737420706362203D3D207463705F7477E4
:10E5B0005F7063627300000010B50948006868B9B5
:10E5C0000848006810B90848006838B101200449BB
:10E5D000086000220549FA20FCF750F910BD000040
:10E5E000480100200401002008010020ADEA0008D5
:10E5F0001CB504462148007800F0040008B1002052
:10E600001CBD1E48007800F0020008B31C49A06A37
:10E610000968081A24D4A18DA06A08441849096819
:10E62000081A00281CDC174800680088154909688A
:10E630004988CDE9001012480068134A12888118F1
:10E64000124B134A13480068FFF7A8FB0020D7E7D6
:10E650000A48007800F0010010B10F4800686062BD
:10E6600009480088002807DDA07F40F00200A0775D
:10E670002046FDF78BFCC3E70020C1E72C010020FA
:10E68000240100201C0100202E0100207401002024
:10E690007801002028010020F800002010B5FCF7C8
:10E6A0001DFF06480078401CC0B20449087000F005
:10E6B000010008B1FFF77EFC10BD00001101002031
:10E6C00070B50446A18DA06A4518E08E40F2B452A0
:10E6D000216B904201DD104600E0E08E0844281ACC
:10E6E00004D4A08DE085206B281A70BD216BA06A30
:10E6F000401A002802DD0020E08512E0A16A206BAC
:10E70000461A00BFB6F5803F08D300BF40F253233E
:10E7100005A20AA110A0F1F769FF00BF00BFE685BE
:10E7200000BF0020E1E700004C5749505C73726362
:10E730005C636F72655C7463702E63006E65775FF7
:10E740007263765F616E6E5F776E64203C3D203051
:10E750007866666666000000417373657274696F5F
:10E760006E206661696C65643A2025732C206669A9
:10E770006C652025732C206C696E652025640A0069
:10E780002DE9FC47054600BF00BF00BF00BF2C6F4E
:10E7900004B9EC6E0CB9BDE8FC8721698889F8F7EB
:10E7A000BFFF00F0010018B1208908B9012000E086
:10E7B00000208046B8F1000F01D1012000E00020C8
:10E7C0008146206943684A4600212846FDF716FD28
:10E7D000064616B900BF00BFDDE77768B8F1000F45
:10E7E00009D01120F8F778FFB9894CF2FF021140E7
:10E7F0000843B8810DE0706800F1140A6168098966
:10E800002289891A8BB2012251466068FAF728FEE4
:10E8100000BF0C48B0F8AC00401C0A49A1F8AC009D
:10E8200006200021CDE90010AB7A2A1D294630468A
:10E83000F7F7DEFE3046FAF7B3FE00BF00BF00BFB9
:10E84000A9E70000706101202DE9F04105460E4660
:10E8500017461448FBF798FF00B30920F9F758FD55
:10E8600004461CB94FF0FF30BDE8F0810420207051
:10E87000A560E66027B121460A48FBF72DFF0BE0B3
:10E8800021460848FBF750FF30B121460920F9F72F
:10E8900093FC4FF0FF30E7E70020E5E76FF005005D
:10E8A000E2E700009800002038B504460D46F8F76E
:10E8B00019FF0E4804600E48056014210D48FBF74F
:10E8C000FBFE50B100BF00BF4FF4E7730AA210A1D6
:10E8D00018A0F1F78BFE00BF00BF012000231A46ED
:10E8E0001E4900901EA0FBF7A9FF38BD9000002034
:10E8F00094000020980000204C5749505C737263CC
:10E900005C6170695C74637069702E630000000064
:10E910006661696C656420746F20637265617465FB
:10E920002074637069705F746872656164206D62E1
:10E930006F780000417373657274696F6E20666151
:10E94000696C65643A2025732C2066696C65202506
:10E95000732C206C696E652025640A00E5EA0008C6
:10E9600074637069705F74687265616400000000B0
:10E9700070B505460E461048FBF706FF10B96FF05C
:10E98000050070BD0A20F9F7C3FC044614B94FF026
:10E99000FF30F6E701202070A560E66021460648BA
:10E9A000FBF7C2FE30B121460A20F9F705FC4FF013
:10E9B000FF30E6E70020E4E79800002010B586B0BD
:10E9C00000210846FFF770FF002005900490039097
:10E9D0002348F8F769FF23482349002203ABCDE918
:10E9E0000021029004AA05A92048F9F747FD08B9BB
:10E9F00000BFFEE71D48F9F73BFF1C48F3F708FE90
:10EA00001A48F9F7EDFF1948001DF8F7E1FC044634
:10EA1000214617A0F1F7EAFD14480830F8F7D8FCB2
:10EA20000446214614A0F1F7E1FD10480C30F8F738
:10EA3000CFFC0446214613A0F1F7D8FD13490B483B
:10EA4000F9F77EFF12480321084B4FF40072CDE91D
:10EA5000001010A1144801F053FD06B010BD0000D5
:10EA6000D401002071E90008D952000894DD01208A
:10EA700049503A25730D0A004D41534B3A25730D09
:10EA80000A00000047573A25730D0A001954000880
:10EA9000C401002065746865726E657469665F7391
:10EAA00065745F6C696E6B00DD53000810B5044639
:10EAB000FFF7F4FD0748006810B90748006828B15F
:10EAC00000220649FA20FBF7D9FE02E000200449A3
:10EAD000086010BD0401002008010020ADEA000814
:10EAE0004801002008B53948006820B1384800685E
:10EAF00036490968884767E069463648FBF790FF62
:10EB000000980078062851D2DFE800F0030D263285
:10EB10003E4900BF00BF009A9268101D009A92689B
:10EB2000116888474FE000BF00BF0098C06890F8A8
:10EB3000310000F0600028B1009AD2E90201F6F736
:10EB40001BFB04E0009AD2E90201F7F7F7FB0A2069
:10EB50000099F9F731FB36E000BF00BF009B083396
:10EB600007CBFBF78BFE09200099F9F725FB2AE07C
:10EB700000BF00BF009AD2E90301FBF795FF09200F
:10EB80000099F9F719FB1EE000BF00BF009AD2E917
:10EB90000210884709200099F9F70EFB13E000BF27
:10EBA00000BF009AD2E9021088470CE000BF00BF06
:10EBB00000BF00BF922308A20DA115A0F1F716FD1A
:10EBC00000BF00BF00BF00BF96E70000900000201C
:10EBD00094000020980000204C5749505C737263E9
:10EBE0005C6170695C74637069702E630000000082
:10EBF00074637069705F7468726561643A20696EED
:10EC000076616C6964206D657373616765000000EF
:10EC1000417373657274696F6E206661696C6564B7
:10EC20003A2025732C2066696C652025732C206C96
:10EC3000696E652025640A002DE9F04105460E46FF
:10EC4000174600BF00BF00BF00BF00BF00BF4FF0AE
:10EC500000082448046826E0A54210D100BFB8F19E
:10EC6000000F08D000BF40F20D331FA223A126A041
:10EC7000F1F7BCFC00BF00BF4FF0010812E0608A52
:10EC8000B8420FD144B1206830B12EB1306818B10C
:10EC900020683168884205D100BF00BF6FF00700CF
:10ECA000BDE8F081E468002CD6D10EB9002000E068
:10ECB0003068286047B900F0F7F9074627B900BF68
:10ECC00000BF6FF00700EBE76F82B8F1000F04D1CF
:10ECD00004480068E8600348056000BF00BF0020EA
:10ECE000DEE70000540100204C5749505C7372630A
:10ECF0005C636F72655C7564702E63007265626937
:10ED00006E64203D3D203000417373657274696FFD
:10ED10006E206661696C65643A2025732C206669F3
:10ED20006C652025732C206C696E652025640A00B3
:10ED30002DE9F04104460E461746608A60B9628AA2
:10ED400021462046FFF778FF8046B8F1000F02D039
:10ED50004046BDE8F08100BF0EB9002000E03068F9
:10ED60006060A782207C40F00400207400BF00BFD8
:10ED70000848056804E0AC4201D10020E9E7ED68ED
:10ED8000002DF8D103480068E060024804600020CC
:10ED9000DFE7000054010020704700002DE9FF5F0D
:10EDA00006460D469C48B0F89600401C81B29A4831
:10EDB000A0F89610D6F80490318999F8000000F078
:10EDC0000F00082202EB8000814208DB99F8000066
:10EDD0000007800E41423046FAF7E0FCA0B100BFC8
:10EDE00000BF8D48B0F89E00401C81B28A48A0F850
:10EDF0009E10B0F89A00401C81B28748A0F89A1083
:10EE00003046FAF7CDFB04E1706803908349086847
:10EE10002946F7F70AF9074600BF00BF039908889B
:10EE2000F8F77EFC824603994888F8F779FC834618
:10EE300000BF00BF0024BBF1440F1BD1BAF1430F48
:10EE400076D1686A002873D0686A406800286FD05D
:10EE5000686A4068001D50B1686A4068406830B117
:10EE6000686A406840686E490968884260D1686A8B
:10EE700044685DE04FF0000800200190029069486E
:10EE8000046850E00020019000BF00BF608A584530
:10EE900024D117B9CCB12068B8B16049206809689D
:10EEA000884212D05D48007800F0F000E0280CD0D5
:10EEB000A7B154B1206840B12068A96808405749FB
:10EEC0000968AA681140884208D10120019002987F
:10EED00020B9207C00F0040000B90294019800B32E
:10EEE000A08A50451DD1201D30B1606820B14C4929
:10EEF00060680968884214D1B8F1000F08D0E06852
:10EF0000C8F80C0047480068E0604648046007E025
:10EF10004148B0F8AA00401C81B23F48A0F8AA10AE
:10EF200003E0A046E468002CACD100BF04B9029C09
:10EF300024B93A4968680968884266D100BF00BFB1
:10EF40006FF007013046FAF729FCB0B100BF00BFEF
:10EF50004FF4AC7334A239A13DA0F1F747FB00BFD9
:10EF600000BF2D48B0F89A00401C81B22A48A0F892
:10EF70009A103046FAF714FB4BE074B1E06940B1E7
:10EF8000CDF800A0264B32462146D4E907C0E04721
:10EF90003EE03046FAF704FB3BE000BF00BF0FBB8A
:10EFA0001E48007800F0F000E0281BD099F800001F
:10EFB00000F00F00082202EB80013046FAF7EEFB6A
:10EFC00000BF7068484508D000BF40F2A31316A2E6
:10EFD00029A11FA0F1F70AFB00BF00BF03213046A3
:10EFE000F6F7BCFA0C48B0F8A400401C81B20A48FD
:10EFF000A0F8A410B0F89A00401C81B20648A0F80E
:10F000009A103046FAF7CCFA02E03046FAF7C8FA1E
:10F0100000BFBDE8FF9F0000706101207801002063
:10F0200074010020540100204C5749505C737263F6
:10F030005C636F72655C7564702E630070627566E8
:10F040005F686561646572206661696C65640A0069
:10F05000417373657274696F6E206661696C656473
:10F060003A2025732C2066696C652025732C206C52
:10F07000696E652025640A00702D3E7061796C6FA1
:10F080006164203D3D2069706864720010B5012004
:10F09000F9F73EF904462CB124212046F1F791F905
:10F0A000FF20A072204610BD10B5002200BF1248FC
:10F0B00003880088401C104C20804FF6FF7083426C
:10F0C00003D14FF44040234618800C4801680EE0FD
:10F0D000488A094B1B88984208D1501C80B20246CE
:10F0E000B0F5804F01DB002010BDE0E7C9680029C2
:10F0F000EED101480088F7E75001002054010020BC
:10F10000C16102627047000070B505460D48006895
:10F11000A84205D10B480068C0680A4908600CE0A5
:10F120000848046807E0E06820B1E068A84201D11F
:10F13000E868E060E468002CF5D129460120F9F781
:10F140003BF870BD540100202DE9F84305460F46F9
:10F150001646984600BF00BF317801F0F001E02963
:10F1600002D105F1180100E031460846F8F70EF823
:10F1700004466CB900BF00BF0948B0F8A200401CAB
:10F1800081B20748A0F8A2106FF00300BDE8F88331
:10F190004346324639462846009400F003F8F5E726
:10F1A000706101202DE9FF4F83B004460E4693465F
:10F1B000DDF84080608A80B900BF00BF628A2146C6
:10F1C0002046FFF739FD8246BAF1000F05D000BF97
:10F1D00000BF504607B0BDE8F08F08213046FAF76F
:10F1E000DDFA98B1002208210120F9F7C3FC054699
:10F1F00025B900BF00BF4FF0FF30EBE7308918B1F1
:10F2000031462846F9F7ECFF00BF02E0354600BF63
:10F2100000BF00BF6889082808D200BF40F2612300
:10F220002DA232A13DA0F1F7E1F900BF00BF6F6848
:10F23000608AF8F751FA38800698F8F74DFA788026
:10F240000020F8809BF8000000F0F000E02807D1D3
:10F25000207C00F0080018B1687B40F0040068735F
:10F260000CB1206810B908F104090EE02068D8F844
:10F270000410884208D0B54203D02846FAF790F926
:10F2800000256FF00500A5E7A14600BF00BF00BF45
:10F2900000BF2889F8F720FAB88000BF00BF00BF80
:10F2A00000BF1121607A8DE80301A37A5A464946CE
:10F2B0002846F7F7F7F98246B54203D02846FAF711
:10F2C0006FF900251F48B0F89400401C1D49A1F8B3
:10F2D000940050467EE700004C5749505C737263BF
:10F2E0005C636F72655C7564702E63006368656350
:10F2F0006B20746861742066697273742070627523
:10F30000662063616E20686F6C642073747275632D
:10F3100074207564705F68647200000041737365E7
:10F320007274696F6E206661696C65643A2025733A
:10F330002C2066696C652025732C206C696E652015
:10F3400025640A0070610120C1F308024260704721
:10F35000C26861F34D32C2607047024610680840CF
:10F3600008B1012070470020FCE700002DE9FF47AD
:10F3700004468846164699466846F1F7D5FA244869
:10F38000844202D02348844201D1029F00E0039FBF
:10F3900007EB87004000B0FBF8F50A20B5FBF0F161
:10F3A00000FB1150052803D20A20B5FBF0F503E05D
:10F3B0000A20B5FBF0F0451CA06865F30F00A060C3
:10F3C00056B9E06820F0805000F18050E060E068BD
:10F3D00020F48050E06014E0012E08D1E06820F0B5
:10F3E0008050E060E06820F48050E06009E0E06870
:10F3F00020F08050E060E06820F4805000F58050FC
:10F40000E060206969F30D302061BDE8FF870000EE
:10F410000010014000140140C26861F3C302C260E1
:10F42000704701460A69D1E901309860D1E90103CA
:10F4300058605068884201D1886850600020086197
:10F440001068401E10601068704700F108014160AC
:10F450004FF0FF31816000F10801C16001610021BE
:10F460000160704700210161704710B502460B68CA
:10F470005C1C0CB9106907E002F1080000E040686C
:10F48000446824689C42FAD944684C604C68A16086
:10F49000886041600A611468641C146010BD426891
:10F4A0004A6093688B609368596091600861036853
:10F4B0005B1C03607047000000BF102080F31188C0
:10F4C000BFF34F8FBFF36F8F00BF0E480068401C23
:10F4D0000C49086008460068012812D10A480068F3
:10F4E000C0B208B9012000E0002050B900BF1020D0
:10F4F00080F31188BFF34F8FBFF36F8F00BF00BF42
:10F50000FEE770475C00002004ED00E00D48006855
:10F5100050B900BF102080F31188BFF34F8FBFF3A5
:10F520006F8F00BF00BFFEE706480068401E054918
:10F5300008600846006820B9002080F3118800BFE9
:10F5400000BF70475C00002070B506463546002EAF
:10F5500044D0083D2C46224960680968084008B13B
:10F56000012000E0002050B900BF102080F3118876
:10F57000BFF34F8FBFF36F8F00BF00BFFEE7206860
:10F5800008B9012000E0002050B900BF102080F32E
:10F590001188BFF34F8FBFF36F8F00BF00BFFEE72F
:10F5A0000F49606809680840C0B12068B0B90C49CB
:10F5B000606809688843606000F0F8F9094960688C
:10F5C00009680844074908602046FAF7AFFD064875
:10F5D0000068401C0449086001F072F970BD000029
:10F5E00088000020780000208400002000204FF0D8
:10F5F000E02108618861064800684FF47A71B0FB29
:10F60000F1F0401E4FF0E02148610720086170478B
:10F610005800002070B5F0F761FE0446102C16D398
:10F6200004F1E02090F8F05315480078854201DBA2
:10F63000012000E0002050B900BF102080F31188A5
:10F64000BFF34F8FBFF36F8F00BF00BFFEE70D48C2
:10F65000006800F4E0600C490968884201D8012084
:10F6600000E0002050B900BF102080F31188BFF3E4
:10F670004F8FBFF36F8F00BF00BFFEE770BD00006C
:10F68000600000200CED00E06400002070B504462E
:10F690000025D4B11248006808B9012000E000201C
:10F6A00050B900BF102080F31188BFF34F8FBFF314
:10F6B0006F8F00BF00BFFEE700F078F90021204601
:10F6C000FAF700FB01F0FCF805463DB94FF0805019
:10F6D00004490860BFF34F8FBFF36F8F70BD000008
:10F6E0005400002004ED00E070B50546FFF7E4FE8D
:10F6F00015B93048006800E028460446201DFFF791
:10F7000090FE78B9E06A00EB80002B4951F82000A8
:10F7100040B994F82C100120884028490968814399
:10F7200026480160A06A18B104F11800FFF779FEBD
:10F7300023480068401C224908601E480068844233
:10F7400009D1211D1F48FFF7AAFE1F480068401C71
:10F750001D49086009E01D480068401E1B490860FB
:10F760002046FAF7CDFBFAF731FDFFF7CFFE184838
:10F770000068E8B10F480068844219D11548006854
:10F7800008B9012000E0002050B900BF102080F32C
:10F790001188BFF34F8FBFF36F8F00BF00BFFEE72D
:10F7A0004FF080500C490860BFF34F8FBFF36F8F4D
:10F7B00070BD00001800002004020020300000206E
:10F7C00044000020C0040020240000202800002065
:10F7D000340000205400002004ED00E003490968D3
:10F7E0000160034909684160704700004000002043
:10F7F0002C00002001200149086070473C000020D7
:10F8000070B504460D4654B900BF102080F311882E
:10F81000BFF34F8FBFF36F8F00BF00BFFEE70548F8
:10F82000016818312046FFF720FE01212846FAF72B
:10F8300049FA70BD180000202DE9F04706460F4632
:10F8400034464FF00109002E60D0A06C50B900BFC3
:10F85000102080F31188BFF34F8FBFF36F8F00BF6D
:10F8600000BFFEE7606CB84201D23D4600E0656C27
:10F87000E06AA8424AD0A06C012847D12448006819
:10F88000844201D0012000E0002050B900BF1020C8
:10F8900080F31188BFF34F8FBFF36F8F00BF00BF9E
:10F8A000FEE7D4F82C80E562A06900F0004010B9B2
:10F8B000C5F12000A06108EB8801164A02EB810126
:10F8C0006069884201D1012000E00020F0B1201DD4
:10F8D000FFF7A7FD40B994F82C10012088400E498D
:10F8E000096881430C48016094F82C10012088407D
:10F8F00009490968084308490860E16A01EB810188
:10F90000044A02EB8100211DFFF7C9FDBDE8F08725
:10F910001800002004020020300000201CB51B4805
:10F9200000210B468022CDE9001019A11A4800F0F1
:10F93000E7FD0446012C15D100BF102080F311888B
:10F94000BFF34F8FBFF36F8F00BF4FF0FF301349EE
:10F95000086001201249086000201249086000F088
:10F9600073F810E0601C08B1012000E0002050B9DD
:10F9700000BF102080F31188BFF34F8FBFF36F8F4C
:10F9800000BF00BFFEE7084800681CBD4C00002017
:10F9900049444C4500000000A59F00084800002095
:10F9A000340000202C000020500000200248006895
:10F9B000401C014908607047540000201D48006841
:10F9C00018B101201C49086032E000201A49086083
:10F9D0001A480068B0FA80F0C0F11F0101EB810005
:10F9E000174A52F8200008B1012000E0002050B969
:10F9F00000BF102080F31188BFF34F8FBFF36F8FCC
:10FA000000BF00BFFEE701EB81020D4B03EB82005C
:10FA100042685268426000F108024368934202D192
:10FA20004268526842604268D268064B1A6000BF62
:10FA300070470000540000203C00002030000020EF
:10FA400004020020180000201CB5524800685249EA
:10FA5000884201D0012000E0002050B900BF1020F2
:10FA600080F31188BFF34F8FBFF36F8F00BF00BFCC
:10FA7000FEE7484800684849491E884201D00120F5
:10FA800000E0002050B900BF102080F31188BFF3C0
:10FA90004F8FBFF36F8F00BF00BFFEE73F4908469F
:10FAA00000780190FF200A46107008460078009008
:10FAB0009DF8000000F0F0009DF80020904201D178
:10FAC000012000E0002050B900BF102080F3118811
:10FAD000BFF34F8FBFF36F8F00BF00BFFEE79DF8EE
:10FAE000000000F010002E4A107007202D4A106010
:10FAF00009E02C480068401E2A4A10609DF800006A
:10FB00004006000E00909DF8000000F08000802864
:10FB1000EFD024480068C0F10700042801D101207B
:10FB200000E0002050B900BF102080F31188BFF31F
:10FB30004F8FBFF36F8F00BF00BFFEE7194800680B
:10FB40000002184A10601046008800F4E06010605F
:10FB5000124A019810700F482030006840F470007D
:10FB60000C49203108600846006840F07040086089
:10FB7000FFF73CFD00200C490860F0F777FB0B48CD
:10FB8000006840F0404009490860F0F75BFB002046
:10FB90001CBD000000ED00E071C20F4100E400E078
:10FBA00060000020640000205C00002034EF00E0D2
:10FBB0002DE9F041044601260027224600210120BC
:10FBC00000F007F805462846FAF700FA2846BDE88F
:10FBD000F0812DE9F84306460F4690460EB101200C
:10FBE00000E0002050B900BF102080F31188BFF35F
:10FBF0004F8FBFF36F8F00BF00BFFEE706FB07F517
:10FC00001FB1B5FBF7F0B04201D1012000E00020A8
:10FC100050B900BF102080F31188BFF34F8FBFF39E
:10FC20006F8F00BF00BFFEE705F14800A84201D971
:10FC3000012000E0002050B900BF102080F311889F
:10FC4000BFF34F8FBFF36F8F00BF00BFFEE705F11B
:10FC50004800FAF733FB04464CB1A14609F14809C4
:10FC600043464A46394630460094FAF7BEF92046E4
:10FC7000BDE8F88370B505460E462C4654B900BF62
:10FC8000102080F31188BFF34F8FBFF36F8F00BF39
:10FC900000BFFEE7FFF710FCD4E90F12206801FB5C
:10FCA0000200A0600020A06320686060E06B401E3E
:10FCB000226C216800FB0211E160FF2084F84400FF
:10FCC00084F845009EB9206908B9012000E00020B1
:10FCD000A8B904F1100000F0A7FD80B14FF08050EA
:10FCE00009490860BFF34F8FBFF36F8F07E004F13E
:10FCF0001000FFF7AAFB04F12400FFF7A6FBFFF7B3
:10FD000005FC012070BD000004ED00E02DE9FF437B
:10FD100083B0064688461D464FF00009344654B964
:10FD200000BF102080F31188BFF34F8FBFF36F8F98
:10FD300000BF00BFFEE7B8F1000F01D1206C08B989
:10FD4000012000E0002050B900BF102080F311888E
:10FD5000BFF34F8FBFF36F8F00BF00BFFEE7022DD1
:10FD600002D1E06B012801D1012000E0002050B950
:10FD700000BF102080F31188BFF34F8FBFF36F8F48
:10FD800000BF00BFFEE700BFFFF796FBA06BE16B73
:10FD9000884201D3022D28D12A4641462046FAF74F
:10FDA00070F80746606A08B9012000E0002068B9D1
:10FDB00004F1240000F038FD88B14FF08050324942
:10FDC0000860BFF34F8FBFF36F8F08E03FB14FF074
:10FDD00080502D490860BFF34F8FBFF36F8FFFF73F
:10FDE00095FB012007B0BDE8F083059818B9FFF72F
:10FDF0008DFB0020F6E7B9F1000F04D101A8FFF751
:10FE0000EDFC4FF00109FFF781FBFFF7CFFDFFF796
:10FE100053FB94F94400401C10B9002084F84400BE
:10FE200094F94500401C10B9002084F84500FFF704
:10FE30006DFB05A901A800F01BFBF0B92046FAF7FD
:10FE4000B6F9A0B104F110000599FFF7D9FC2046DE
:10FE5000FAF7F4F900F034FD002895D14FF0805006
:10FE600009490860BFF34F8FBFF36F8F8CE72046BF
:10FE7000FAF7E4F900F024FD86E72046FAF7DEF908
:10FE800000F01EFD0020ADE704ED00E02DE9F84F85
:10FE900007468B4690461E463C4654B900BF10208C
:10FEA00080F31188BFF34F8FBFF36F8F00BF00BF88
:10FEB000FEE7BBF1000F01D1206C08B9012000E082
:10FEC000002050B900BF102080F31188BFF34F8F7E
:10FED000BFF36F8F00BF00BFFEE7022E02D1E06BC1
:10FEE000012801D1012000E0002050B900BF1020FE
:10FEF00080F31188BFF34F8FBFF36F8F00BF00BF38
:10FF0000FEE7FFF787FB00BF1021EFF3118081F3BD
:10FF10001188BFF34F8FBFF36F8F00BF0546A06BF3
:10FF2000E16B884201D3022E37D194F945A0A06B32
:10FF30000090324659462046F9F7A3FF0AF1010026
:10FF400088B9606A08B9012000E0002050B904F1C6
:10FF5000240000F069FC28B1B8F1000F02D00120A4
:10FF6000C8F8000016E0BAF17F0F01D0012000E0D0
:10FF7000002050B900BF102080F31188BFF34F8FCD
:10FF8000BFF36F8F00BF00BFFEE70AF1010040B270
:10FF900084F845004FF0010901E04FF0000900BF6F
:10FFA00085F3118800BF4846BDE8F88F2DE9F0477A
:10FFB00006460F46344654B900BF102080F311881E
:10FFC000BFF34F8FBFF36F8F00BF00BFFEE7206C02
:10FFD00008B9012000E0002050B900BF102080F3D4
:10FFE0001188BFF34F8FBFF36F8F00BF00BFFEE7D5
:10FFF000206808B9A06808B9012000E0002050B9C5
:020000040801F1
:1000000000BF102080F31188BFF34F8FBFF36F8FB5
:1000100000BF00BFFEE7FFF7FDFA00BF1021EFF3BE
:10002000118081F31188BFF34F8FBFF36F8F00BF33
:100030000546D4F838A0E06B504530D994F9459086
:100040000AF10100A06309F1010070B9606A08B902
:10005000012000E00020F8B904F1240000F0E4FBE6
:10006000D0B1CFB10120386016E0B9F17F0F01D0D7
:10007000012000E0002050B900BF102080F311885B
:10008000BFF34F8FBFF36F8F00BF00BFFEE709F1D3
:10009000010040B284F845004FF0010801E04FF044
:1000A000000800BF85F3118800BF4046BDE8F08717
:1000B0002DE9F74183B005460E464FF000082C4667
:1000C00054B900BF102080F31188BFF34F8FBFF3E6
:1000D0006F8F00BF00BFFEE70EB9206C08B901208A
:1000E00000E0002050B900BF102080F31188BFF35A
:1000F0004F8FBFF36F8F00BF00BFFEE700BFFFF75A
:10010000DBF9A76BF7B131462046F9F7A5FE781E5B
:10011000A063206908B9012000E0002060B904F163
:10012000100000F081FB38B14FF080502F4908607B
:10013000BFF34F8FBFF36F8FFFF7E8F9012006B0D1
:10014000BDE8F081059818B9FFF7E0F90020F6E75F
:10015000B8F1000F04D101A8FFF740FB4FF00108F0
:10016000FFF7D4F9FFF722FCFFF7A6F994F9440052
:10017000401C10B9002084F8440094F94500401C4C
:1001800010B9002084F84500FFF7C0F905A901A8BF
:1001900000F06EF9F0B92046F9F7FCFFA0B104F1C8
:1001A00024000599FFF72CFB2046FAF747F800F0EA
:1001B00087FB0028A3D14FF080500C490860BFF3A3
:1001C0004F8FBFF36F8F9AE72046FAF737F800F0AA
:1001D00077FB94E72046FAF731F800F071FB2046F0
:1001E000F9F7D8FF00288AD00020A8E704ED00E046
:1001F0002DE9F05F06468A461746344654B900BFDB
:10020000102080F31188BFF34F8FBFF36F8F00BFB3
:1002100000BFFEE7BAF1000F01D1206C08B9012040
:1002200000E0002050B900BF102080F31188BFF318
:100230004F8FBFF36F8F00BF00BFFEE7FFF7EAF9F4
:1002400000BF1021EFF3118081F31188BFF34F8FAE
:10025000BFF36F8F00BF0546D4F838B0BBF1000F75
:1002600034D094F9449051462046F9F7F5FDABF1AE
:100270000100A06309F1010070B9206908B90120EB
:1002800000E00020F8B904F1100000F0CDFAD0B180
:10029000CFB10120386016E0B9F17F0F01D0012005
:1002A00000E0002050B900BF102080F31188BFF398
:1002B0004F8FBFF36F8F00BF00BFFEE709F1010052
:1002C00040B284F844004FF0010801E04FF000080C
:1002D00000BF85F3118800BF4046BDE8F09F0000D5
:1002E0002DE9F34182B005464FF000082C46002668
:1002F00054B900BF102080F31188BFF34F8FBFF3B4
:100300006F8F00BF00BFFEE7206C08B9012000E03E
:10031000002050B900BF102080F31188BFF34F8F29
:10032000BFF36F8F00BF00BFFEE700BFFFF7C4F849
:10033000A76BFFB1781EA063206810B9FAF774F8B4
:10034000A060206908B9012000E0002060B904F134
:10035000100000F069FA38B14FF08050434908604E
:10036000BFF34F8FBFF36F8FFFF7D0F8012004B0BA
:10037000BDE8F081039898B90EB9012000E0002093
:1003800050B900BF102080F31188BFF34F8FBFF327
:100390006F8F00BF00BFFEE7FFF7B8F80020E6E769
:1003A000B8F1000F04D16846FFF718FA4FF00108C2
:1003B000FFF7ACF8FFF7FAFAFFF77EF894F944007C
:1003C000401C10B9002084F8440094F94500401CFA
:1003D00010B9002084F84500FFF798F803A9684693
:1003E00000F046F840BB2046F9F7D4FEF0B1206893
:1003F00038B9FFF761F8A06800F0BAF90646FFF7D0
:1004000085F804F124000399FFF7FAF92046F9F77B
:1004100015FF00F055FA002888D14FF0805013499D
:100420000860BFF34F8FBFF36F8F7FE72046F9F768
:1004300005FF00F045FA79E72046F9F7FFFE00F0E6
:100440003FFA2046F9F7A6FE0028EED05EB1FFF78E
:1004500033F82046F9F75DFD07463946A068FFF7F7
:10046000EBF9FFF753F8002081E7000004ED00E00E
:1004700070B505460C4655B900BF102080F31188B1
:10048000BFF34F8FBFF36F8F00BF00BFFEE754B9BC
:1004900000BF102080F31188BFF34F8FBFF36F8F21
:1004A00000BF00BFFEE7FFF707F81348026868685F
:1004B000131A2068401C08B9002619E00F49286863
:1004C0000968884206D06868904203D80126002057
:1004D00020600DE02068984207D92068C01A20608B
:1004E0002846FFF77BF9002602E000202060012665
:1004F000FFF70CF8304670BD2C00002040000020B3
:100500002DE9FF4F85B0804689461746DDE912ABDD
:10051000B800F9F7D3FE064656B15420F9F7CEFEDF
:1005200004460CB1266304E03046FFF70DF800E006
:1005300000247CB10020CDE900ABCDE902403A4671
:1005400049464046089BF9F763FD2046F9F706FC4B
:10055000012501E04FF0FF35284609B0BDE8F08FD6
:1005600001490868704700002C0000202DE9F04187
:100570004FF000084448006800287CD143480068D8
:10058000451C4248056015BB41480068006808B931
:10059000012000E0002050B900BF102080F3118836
:1005A000BFF34F8FBFF36F8F00BF00BFFEE7384828
:1005B000076838480068364908603648076036489A
:1005C0000068401C34490860F9F700FE00BF33485A
:1005D000006885423CD300BF2D480068006808B918
:1005E000012000E0002020B14FF0FF302B490860CF
:1005F0002DE027480068C068C4686668B54202D22A
:100600002648066023E0201DFEF70BFFA06A18B104
:1006100004F11800FEF705FF94F82C100120884023
:100620001F49096808431E490860E16A01EB81011E
:100630001C4A02EB8100211DFEF731FF1A49E06AD6
:100640000968C96A8842C7D34FF00108C4E700BFF0
:1006500015480068C06A00EB8000124951F820007C
:10066000012801D94FF001081048006808B14FF087
:10067000010805E0FFE70E480068401C0C490860CF
:100680004046BDE8F0810000540000202C0000200E
:100690001C00002020000020400000204800002016
:1006A0003000002004020020180000203C00002040
:1006B0003800002070B505462C460026002D4ED08F
:1006C00028480068844201D1012000E0002050B990
:1006D00000BF102080F31188BFF34F8FBFF36F8FDF
:1006E00000BF00BFFEE7A06C50B900BF102080F330
:1006F0001188BFF34F8FBFF36F8F00BF00BFFEE7BE
:10070000A06C401EA064616CE06A884227D0A06C97
:1007100028BB201DFEF785FE40B994F82C1001205F
:1007200088401149096881430F480160606CE062AC
:10073000E06AC0F12000A06194F82C1001208840EC
:1007400009490968084308490860E16A01EB810129
:10075000064A02EB8100211DFEF7A1FE012630466C
:1007600070BD0000180000203000002004020020AE
:1007700070B505462C460026002D4DD02749E06A6D
:100780000968C96A884240D2A06900F0004028B9CF
:1007900022480068C06AC0F12000A061E16A01EB54
:1007A00081011F4A02EB81016069884201D1012069
:1007B00000E0002018B3201DFEF733FE40B994F886
:1007C0002C100120884017490968814315480160B1
:1007D00012480068C06AE06294F82C10012088403A
:1007E0001049096808430F490860E16A01EB81017B
:1007F0000B4A02EB8100211DFEF751FE03E0074882
:100800000068C06AE062012606E00449606C09687D
:10081000C96A884200D20126304670BD1800002007
:10082000040200203000002070B50646F068C4685D
:1008300054B900BF102080F31188BFF34F8FBFF36E
:100840006F8F00BF00BFFEE704F11800FEF7E9FD5F
:1008500015480068A8B9201DFEF7E3FD94F82C1098
:100860000120884011490968084310490860E16A7D
:1008700001EB81010E4A02EB8100211DFEF70FFE04
:1008800004E004F118010B48FEF709FE0A49E06A8A
:100890000968C96A884204D901250120074908600E
:1008A00000E00025284670BD5400002030000020E4
:1008B00004020020AC040020180000203C000020AE
:1008C00070B5002400263648006850B900BF1020DB
:1008D00080F31188BFF34F8FBFF36F8F00BF00BF4E
:1008E000FEE7FEF7E9FD2E480068401E2C4908602F
:1008F0000846006800284FD12A48006800284BD0DD
:1009000024E02948C068C46804F11800FEF789FD96
:10091000201DFEF786FD94F82C1001208840234905
:100920000968084321490860E16A01EB8101204A16
:1009300002EB8100211DFEF7B2FD1E49E06A096845
:10094000C96A884202D301201B4908601648006822
:1009500008B9012000E000200028D2D00CB1F9F73E
:1009600035FC1648056865B100BFFFF7FFFD10B103
:100970000120114908606D1E002DF6D100200F499D
:1009800008600D48006838B1012630070C4908603E
:10099000BFF34F8FBFF36F8FFEF7B8FD304670BDCA
:1009A0005400002028000020AC040020300000206B
:1009B00004020020180000203C0000203800002025
:1009C00004ED00E00000000000000000010203044C
:1009D00006070809010204081020000000000000BA
:1009E00000000102030406070809000000000102DC
:1009F00003040000000001020304010204081020A7
:100A00001C00240098001C00140020001800140092
:100A10003000140014001400100034011000E0072E
:100A200004000400140008000C0005000F00020080
:100A300004000800080008000A00010014000A0071
:100A40008C0B0108840B01087C0B0108E40B0108E6
:100A5000B00B0108700B01089C0B0108A80B0108E2
:100A6000F40B0108B80B0108080C0108FC0B010885
:100A7000180C0108940B0108D40B0108C80B0108DD
:100A8000480C0108EC0B0108880C0108500C010807
:100A90003C0C0108240C0108300C01087C0C0108F6
:100AA0005C0C0108640C0108700C010801020304CD
:100AB00005060707070707070703060C18306078C5
:100AC00000010020FC00002004010020080100209B
:100AD00000000000FFFFFFFFFFFFFFFFFFFF000020
:100AE00000000000646863705F6F7074696F6E5F10
:100AF00073686F72743A20646863702D3E6F70740F
:100B0000696F6E735F6F75745F6C656E202B20323A
:100B1000203C3D20444843505F4F5054494F4E5372
:100B20005F4C454E00000000646863705F6F707436
:100B3000696F6E3A20646863702D3E6F7074696FE0
:100B40006E735F6F75745F6C656E202B2032202B87
:100B5000206F7074696F6E5F6C656E203C3D204441
:100B60004843505F4F5054494F4E535F4C454E00E1
:100B70005245415353444154410000005443505F97
:100B8000504342005544505F504342005241575F2A
:100B9000504342004E4554444200000046524147F3
:100BA0005F504255460000004E45544255460000F5
:100BB0005443505F5345470054435049505F4D5391
:100BC000475F415049000000504255465F504F4F2B
:100BD0004C000000504255465F5245462F524F4D43
:100BE000000000005443505F5043425F4C4953544F
:100BF000454E00004E4554434F4E4E0049474D5020
:100C00005F47524F5550000054435049505F4D5379
:100C1000475F494E504B54005359535F54494D451B
:100C20004F55540046494E5F574149545F310000CB
:100C300046494E5F574149545F3200004553544185
:100C4000424C495348454400434C4F5345440000EF
:100C500053594E5F5243564400000000434C4F53DB
:100C6000494E47004C4153545F41434B0000000044
:100C700054494D455F57414954000000434C4F5380
:100C8000455F57414954000053594E5F53454E54F8
:100C9000000000007463705F656E71756575655F57
:100CA000666C6167733A206E656564206569746877
:100CB0006572205443505F53594E206F7220544345
:100CC000505F46494E20696E20666C61677320282C
:100CD00070726F6772616D6D65722076696F6C619D
:100CE0007465732041504929000000006E657469E5
:100CF000662D3E6877616464725F6C656E206D7509
:100D00007374206265207468652073616D6520616D
:100D100073204554484152505F4857414444525F04
:100D20004C454E20666F72206574686172702100B8
:100D3000500D01080000002004020000AC0400086F
:100D4000980D010804020020D4EB01001C060008E5
:100D5000110311127A053880B2E60E9A1F441AAABE
:100D600001092A54E924691009163C091218091EC0
:100D7000443908021EC00B396E19B0595C09168837
:100D8000091A44A9A40D3294DD0120F05112E00C9F
:080D900021112233287100003B
:040000050800020DE0
:00000001FF
